series_id,y_true,fold,slice_scores,detection_counts,max_confidence,second_confidence,top2_mean,top3_mean,top5_mean,mean_confidence,total_detections,detected_slices,num_slices,count_ge_0_1,fraction_ge_0_1,longest_run_ge_0_1,count_ge_0_3,fraction_ge_0_3,longest_run_ge_0_3,count_ge_0_5,fraction_ge_0_5,longest_run_ge_0_5
1032,0,0,0;0;0;0;0;0;0;0;0.15405273;0.17724609;0;0.051269531;0;0;0;0;0;0;0;0;0;0;0;0;0;0;0;0;0,0;0;0;0;0;0;0;0;2;2;0;1;0;0;0;0;0;0;0;0;0;0;0;0;0;0;0;0;0,0.17724609375,0.154052734375,0.1656494140625,0.12752278645833334,0.076513671875,0.01319201239224138,5.0,3.0,29.0,2.0,0.06896551724137931,2.0,0.0,0.0,0.0,0.0,0.0,0.0
1033,0,0,0;0;0;0.18359375;0.078063965;0.083862305;0;0;0.054412842;0.061431885;0.065124512;0.09173584;0.083312988;0;0;0;0;0;0.050140381;0;0;0;0;0;0;0;0,0;0;0;1;1;2;0;0;1;1;1;1;1;0;0;0;0;0;1;0;0;0;0;0;0;0;0,0.18359375,0.09173583984375,0.137664794921875,0.11973063151041667,0.10411376953125,0.027839943214699073,10.0,9.0,27.0,1.0,0.037037037037037035,1.0,0.0,0.0,0.0,0.0,0.0,0.0
1164,0,0,0;0;0.057922363;0;0.074523926;0.057495117;0.10266113;0;0;0;0.070556641;0.065368652;0.060516357;0;0;0;0;0;0;0;0;0;0;0;0;0;0;0;0;0;0;0;0,0;0;1;0;1;1;1;0;0;0;2;1;1;0;0;0;0;0;0;0;0;0;0;0;0;0;0;0;0;0;0;0;0,0.1026611328125,0.07452392578125,0.088592529296875,0.08258056640625,0.074725341796875,0.01481952089251894,8.0,7.0,33.0,1.0,0.030303030303030304,1.0,0.0,0.0,0.0,0.0,0.0,0.0
1734,0,0,0;0.076660156;0.1229248;0.058563232;0.057922363;0;0;0;0;0;0;0;0;0;0;0,0;1;4;1;1;0;0;0;0;0;0;0;0;0;0;0,0.1229248046875,0.07666015625,0.09979248046875,0.08604939778645833,0.063214111328125,0.019754409790039062,7.0,4.0,16.0,1.0,0.0625,1.0,0.0,0.0,0.0,0.0,0.0,0.0
1927,0,0,0.093322754;0;0.25683594;0.34863281;0;0;0;0.05645752;0.088806152;0;0;0;0;0;0;0;0;0;0;0;0;0;0;0;0;0,2;0;1;3;0;0;0;1;2;0;0;0;0;0;0;0;0;0;0;0;0;0;0;0;0;0,0.3486328125,0.2568359375,0.302734375,0.23293050130208334,0.16881103515625,0.03246366060697115,9.0,5.0,26.0,2.0,0.07692307692307693,2.0,1.0,0.038461538461538464,1.0,0.0,0.0,0.0
1975,0,0,0;0;0;0.051849365;0.075012207;0;0;0.064880371;0;0.10894775;0;0.069030762;0.23095703;0.19250488;0.20239258;0.17211914;0;0;0;0;0;0;0;0;0.063476562;0;0;0;0,0;0;0;1;3;0;0;1;0;1;0;1;2;1;2;2;0;0;0;0;0;0;0;0;1;0;0;0;0,0.23095703125,0.202392578125,0.2166748046875,0.2086181640625,0.18138427734375,0.04245416049299569,15.0,10.0,29.0,5.0,0.1724137931034483,4.0,0.0,0.0,0.0,0.0,0.0,0.0
1996,0,0,0;0;0.070556641;0.05380249;0;0;0;0.056030273;0;0;0;0;0.078063965;0.071838379;0.095031738;0;0;0;0;0;0;0;0;0;0;0;0;0;0;0;0,0;0;1;2;0;0;0;1;0;0;0;0;1;1;1;0;0;0;0;0;0;0;0;0;0;0;0;0;0;0;0,0.09503173828125,0.07806396484375,0.0865478515625,0.08164469401041667,0.07430419921875,0.01372011246219758,7.0,6.0,31.0,0.0,0.0,0.0,0.0,0.0,0.0,0.0,0.0,0.0
1997,0,0,0;0;0.15148926;0.068786621;0;0;0.073181152;0;0;0.072387695;0;0.11358643;0;0;0;0;0;0;0;0;0;0;0;0;0;0;0,0;0;2;2;0;0;1;0;0;1;0;2;0;0;0;0;0;0;0;0;0;0;0;0;0;0;0,0.1514892578125,0.11358642578125,0.132537841796875,0.11275227864583333,0.09588623046875,0.017756709346064815,8.0,5.0,27.0,2.0,0.07407407407407407,1.0,0.0,0.0,0.0,0.0,0.0,0.0
1999,0,0,0.066101074;0;0;0;0.055603027;0;0;0;0;0.079223633;0;0;0.1307373;0.16833496;0;0;0;0;0;0;0;0;0;0;0;0;0;0;0,1;0;0;0;1;0;0;0;0;1;0;0;2;2;0;0;0;0;0;0;0;0;0;0;0;0;0;0;0,0.1683349609375,0.1307373046875,0.1495361328125,0.1260986328125,0.1,0.017241379310344827,7.0,5.0,29.0,2.0,0.06896551724137931,2.0,0.0,0.0,0.0,0.0,0.0,0.0
2034,0,0,0;0;0;0;0;0.057922363;0.056854248;0.1829834;0.15771484;0.18530273;0;0.072631836;0;0;0.058990479;0;0;0;0;0;0;0;0;0;0;0;0;0;0;0;0;0,0;0;0;0;0;1;1;3;4;1;0;3;0;0;1;0;0;0;0;0;0;0;0;0;0;0;0;0;0;0;0;0,0.185302734375,0.1829833984375,0.18414306640625,0.17533365885416666,0.131524658203125,0.024137496948242188,14.0,7.0,32.0,3.0,0.09375,3.0,0.0,0.0,0.0,0.0,0.0,0.0
2046,0,0,0;0.093994141;0.11315918;0;0;0;0.26977539;0;0.17333984;0;0.071350098;0;0;0;0;0,0;4;1;0;0;0;1;0;1;0;1;0;0;0;0;0,0.269775390625,0.17333984375,0.2215576171875,0.1854248046875,0.14432373046875,0.045101165771484375,8.0,5.0,16.0,3.0,0.1875,1.0,0.0,0.0,0.0,0.0,0.0,0.0
2265,1,0,0;0;0.062316895;0;0;0.055206299;0;0.052429199;0.058135986;0.17443848;0;0;0;0;0;0,0;0;1;0;0;1;0;1;1;1;0;0;0;0;0;0,0.1744384765625,0.06231689453125,0.118377685546875,0.098297119140625,0.08050537109375,0.025157928466796875,5.0,5.0,16.0,1.0,0.0625,1.0,0.0,0.0,0.0,0.0,0.0,0.0
2336,0,0,0;0.17443848;0.14709473;0.072875977;0;0;0;0;0;0;0;0;0;0;0;0,0;1;3;2;0;0;0;0;0;0;0;0;0;0;0;0,0.1744384765625,0.1470947265625,0.1607666015625,0.1314697265625,0.0788818359375,0.02465057373046875,6.0,3.0,16.0,2.0,0.125,2.0,0.0,0.0,0.0,0.0,0.0,0.0
2368,0,0,0;0;0.051452637;0;0;0;0;0;0;0;0;0;0;0;0;0,0;0;1;0;0;0;0;0;0;0;0;0;0;0;0;0,0.05145263671875,0.0,0.025726318359375,0.01715087890625,0.01029052734375,0.003215789794921875,1.0,1.0,16.0,0.0,0.0,0.0,0.0,0.0,0.0,0.0,0.0,0.0
2408,0,0,0;0;0;0;0;0;0;0;0;0;0;0;0;0;0;0,0;0;0;0;0;0;0;0;0;0;0;0;0;0;0;0,0.0,0.0,0.0,0.0,0.0,0.0,0.0,0.0,16.0,0.0,0.0,0.0,0.0,0.0,0.0,0.0,0.0,0.0
2437,0,0,0;0.10375977;0.070800781;0.082397461;0;0.080078125;0;0;0;0;0;0;0;0;0;0,0;1;1;1;0;1;0;0;0;0;0;0;0;0;0;0,0.103759765625,0.0823974609375,0.09307861328125,0.0887451171875,0.0674072265625,0.02106475830078125,4.0,4.0,16.0,1.0,0.0625,1.0,0.0,0.0,0.0,0.0,0.0,0.0
2589,0,0,0;0.061889648;0.053405762;0;0;0.062561035;0;0;0;0;0;0;0;0;0;0,0;1;1;0;0;1;0;0;0;0;0;0;0;0;0;0,0.06256103515625,0.0618896484375,0.062225341796875,0.059285481770833336,0.0355712890625,0.01111602783203125,3.0,3.0,16.0,0.0,0.0,0.0,0.0,0.0,0.0,0.0,0.0,0.0
270818,0,0,0.059204102;0.12420654;0.1048584;0.099487305;0;0;0;0;0;0.12719727;0;0;0.19372559;0.064880371;0;0;0;0;0;0.10778809;0.071594238;0;0;0;0;0.13891602;0;0;0;0;0;0,1;2;1;2;0;0;0;0;0;1;0;0;2;1;0;0;0;0;0;1;1;0;0;0;0;1;0;0;0;0;0;0,0.1937255859375,0.138916015625,0.16632080078125,0.15327962239583334,0.13836669921875,0.03412055969238281,13.0,10.0,32.0,6.0,0.1875,2.0,0.0,0.0,0.0,0.0,0.0,0.0
270872,0,0,0.060089111;0;0.065856934;0;0;0;0;0;0.064880371;0;0;0;0;0;0;0;0;0;0;0;0;0;0;0;0;0;0;0,1;0;2;0;0;0;0;0;1;0;0;0;0;0;0;0;0;0;0;0;0;0;0;0;0;0;0;0,0.06585693359375,0.06488037109375,0.06536865234375,0.06360880533854167,0.038165283203125,0.006815229143415179,4.0,3.0,28.0,0.0,0.0,0.0,0.0,0.0,0.0,0.0,0.0,0.0
270907,0,0,0.13122559;0.24365234;0.075012207;0.052032471;0;0;0.067077637;0.11633301;0;0;0;0;0;0;0;0;0.11047363;0.056030273;0.057922363;0;0.077514648;0;0.072875977;0;0;0;0;0;0;0;0;0;0;0;0;0;0;0;0;0;0;0;0;0;0;0;0;0;0;0,2;4;1;1;0;0;2;2;0;0;0;0;0;0;0;0;1;1;2;0;1;0;1;0;0;0;0;0;0;0;0;0;0;0;0;0;0;0;0;0;0;0;0;0;0;0;0;0;0;0,0.24365234375,0.1312255859375,0.18743896484375,0.16373697916666666,0.13583984375,0.0212030029296875,18.0,11.0,50.0,4.0,0.08,2.0,0.0,0.0,0.0,0.0,0.0,0.0
270967,0,0,0;0;0;0.065368652;0.092041016;0.055419922;0.058563232;0;0;0;0;0;0;0;0;0;0;0;0;0;0;0;0;0;0;0;0;0;0;0;0;0;0;0;0;0;0;0;0;0;0;0;0;0;0;0;0;0;0;0,0;0;0;1;1;1;1;0;0;0;0;0;0;0;0;0;0;0;0;0;0;0;0;0;0;0;0;0;0;0;0;0;0;0;0;0;0;0;0;0;0;0;0;0;0;0;0;0;0;0,0.092041015625,0.06536865234375,0.078704833984375,0.071990966796875,0.054278564453125,0.0054278564453125,4.0,4.0,50.0,0.0,0.0,0.0,0.0,0.0,0.0,0.0,0.0,0.0
271013,0,0,0;0;0;0;0;0.092346191;0;0.25390625;0.23303223;0.094360352;0.14172363;0;0.063476562;0;0;0;0;0;0;0;0;0;0;0;0;0;0;0;0;0;0;0;0;0;0;0;0;0,0;0;0;0;0;1;0;1;2;1;1;0;1;0;0;0;0;0;0;0;0;0;0;0;0;0;0;0;0;0;0;0;0;0;0;0;0;0,0.25390625,0.2330322265625,0.24346923828125,0.20955403645833334,0.16307373046875,0.023127505653782895,7.0,6.0,38.0,3.0,0.07894736842105263,2.0,0.0,0.0,0.0,0.0,0.0,0.0
271159,0,0,0;0.11962891;0;0.13989258;0;0;0.07208252;0.095336914;0.05090332;0;0;0.096008301;0.053588867;0;0;0;0;0;0;0;0;0;0;0;0;0;0;0,0;3;0;1;0;0;1;1;1;0;0;1;1;0;0;0;0;0;0;0;0;0;0;0;0;0;0;0,0.139892578125,0.11962890625,0.1297607421875,0.11850992838541667,0.10458984375,0.022408621651785716,9.0,7.0,28.0,2.0,0.07142857142857142,1.0,0.0,0.0,0.0,0.0,0.0,0.0
271208,0,0,0.066101074;0;0;0;0;0;0;0.08416748;0;0;0;0;0.086608887;0;0;0;0;0;0;0;0;0;0;0;0;0;0;0;0;0;0;0;0;0;0;0,1;0;0;0;0;0;0;2;0;0;0;0;2;0;0;0;0;0;0;0;0;0;0;0;0;0;0;0;0;0;0;0;0;0;0;0,0.08660888671875,0.08416748046875,0.08538818359375,0.07895914713541667,0.04737548828125,0.006579928927951389,5.0,3.0,36.0,0.0,0.0,0.0,0.0,0.0,0.0,0.0,0.0,0.0
271313,0,0,0;0.059661865;0.13342285;0.16235352;0.06439209;0;0.072875977;0;0;0.11474609;0.05380249;0;0;0;0;0;0;0;0.08416748;0;0;0;0;0;0;0;0;0;0.082092285;0.085693359;0;0;0;0;0;0,0;2;1;3;2;0;2;0;0;1;1;0;0;0;0;0;0;0;1;0;0;0;0;0;0;0;0;0;1;1;0;0;0;0;0;0,0.162353515625,0.1334228515625,0.14788818359375,0.1368408203125,0.11607666015625,0.025366889105902776,15.0,10.0,36.0,3.0,0.08333333333333333,2.0,0.0,0.0,0.0,0.0,0.0,0.0
271335,0,0,0;0;0.12597656;0.099121094;0;0;0;0.075561523;0.052032471;0.080627441;0.054199219;0;0.057922363;0.067077637;0;0.070556641;0;0;0;0;0;0;0;0;0;0;0;0;0;0;0;0,0;0;1;1;0;0;0;2;1;1;1;0;1;1;0;2;0;0;0;0;0;0;0;0;0;0;0;0;0;0;0;0,0.1259765625,0.09912109375,0.112548828125,0.10190836588541667,0.09036865234375,0.021346092224121094,11.0,9.0,32.0,1.0,0.03125,1.0,0.0,0.0,0.0,0.0,0.0,0.0
271508,0,0,0.10412598;0.098083496;0;0;0;0.070068359;0;0.090393066;0;0.050720215;0.07208252;0;0;0;0;0;0;0;0;0;0;0;0;0;0;0;0;0;0;0,2;1;0;0;0;2;0;2;0;1;1;0;0;0;0;0;0;0;0;0;0;0;0;0;0;0;0;0;0;0,0.1041259765625,0.09808349609375,0.101104736328125,0.0975341796875,0.08695068359375,0.016182454427083333,9.0,6.0,30.0,1.0,0.03333333333333333,1.0,0.0,0.0,0.0,0.0,0.0,0.0
271623,1,0,0.21862793;0.16564941;0.054992676;0;0;0;0;0;0.05380249;0.068054199;0;0;0;0;0;0;0;0;0;0;0;0;0;0;0;0;0;0;0;0;0;0;0;0;0,4;4;1;0;0;0;0;0;2;1;0;0;0;0;0;0;0;0;0;0;0;0;0;0;0;0;0;0;0;0;0;0;0;0;0,0.2186279296875,0.1656494140625,0.192138671875,0.15077718098958334,0.112225341796875,0.016032191685267858,12.0,5.0,35.0,2.0,0.05714285714285714,2.0,0.0,0.0,0.0,0.0,0.0,0.0
271686,0,0,0;0.22814941;0;0.070800781;0.098083496;0;0.052612305;0.22741699;0.10821533;0.061645508;0;0;0;0;0;0;0;0.058563232;0;0;0.053192139;0;0.05166626;0;0;0;0;0;0;0;0.073181152;0;0;0,0;4;0;1;2;0;1;2;1;1;0;0;0;0;0;0;0;1;0;0;1;0;1;0;0;0;0;0;0;0;1;0;0;0,0.2281494140625,0.2274169921875,0.227783203125,0.18792724609375,0.14700927734375,0.03186842974494485,16.0,11.0,34.0,3.0,0.08823529411764706,2.0,0.0,0.0,0.0,0.0,0.0,0.0
271912,1,0,0;0;0.10015869;0;0;0;0;0;0;0;0.052246094;0;0;0;0;0;0.081787109;0;0;0;0;0;0;0;0;0;0;0;0;0,0;0;1;0;0;0;0;0;0;0;1;0;0;0;0;0;1;0;0;0;0;0;0;0;0;0;0;0;0;0,0.10015869140625,0.081787109375,0.090972900390625,0.07806396484375,0.04683837890625,0.007806396484375,3.0,3.0,30.0,1.0,0.03333333333333333,1.0,0.0,0.0,0.0,0.0,0.0,0.0
272221,0,0,0;0;0;0;0.052246094;0;0;0;0;0.051849365;0;0.072631836;0;0;0;0;0;0;0;0.066833496;0;0;0;0;0;0;0;0;0;0;0;0,0;0;0;0;1;0;0;0;0;1;0;1;0;0;0;0;0;0;0;1;0;0;0;0;0;0;0;0;0;0;0;0,0.0726318359375,0.06683349609375,0.069732666015625,0.06390380859375,0.048712158203125,0.007611274719238281,4.0,4.0,32.0,0.0,0.0,0.0,0.0,0.0,0.0,0.0,0.0,0.0
272271,0,0,0.11199951;0;0;0;0;0.061889648;0;0.11358643;0.094360352;0;0.054412842;0.051849365;0;0;0;0;0.10302734;0.073974609;0;0;0;0;0;0;0;0;0;0;0;0;0;0,3;0;0;0;0;1;0;1;1;0;1;1;0;0;0;0;1;1;0;0;0;0;0;0;0;0;0;0;0;0;0;0,0.11358642578125,0.11199951171875,0.11279296875,0.10953776041666667,0.0993896484375,0.020784378051757812,10.0,8.0,32.0,3.0,0.09375,1.0,0.0,0.0,0.0,0.0,0.0,0.0
272468,0,0,0.081237793;0;0.30249023;0.093017578;0;0;0;0;0;0;0;0;0;0;0;0;0;0;0;0;0;0;0;0;0;0;0;0;0;0;0;0;0;0;0;0,1;0;1;2;0;0;0;0;0;0;0;0;0;0;0;0;0;0;0;0;0;0;0;0;0;0;0;0;0;0;0;0;0;0;0;0,0.302490234375,0.093017578125,0.19775390625,0.15891520182291666,0.09534912109375,0.013242933485243056,4.0,3.0,36.0,1.0,0.027777777777777776,1.0,1.0,0.027777777777777776,1.0,0.0,0.0,0.0
272528,1,0,0;0.054595947;0;0;0;0;0;0;0;0;0;0.05645752;0.32177734;0.29736328;0.38574219;0.44165039;0.34082031;0.30737305;0.25756836;0.2199707;0.25390625;0.1217041;0;0;0;0;0;0;0;0;0;0,0;1;0;0;0;0;0;0;0;0;0;1;2;2;2;2;2;1;2;1;1;1;0;0;0;0;0;0;0;0;0;0,0.441650390625,0.3857421875,0.4136962890625,0.389404296875,0.35947265625,0.09559154510498047,18.0,12.0,32.0,10.0,0.3125,10.0,5.0,0.15625,4.0,0.0,0.0,0.0
272645,0,0,0;0;0;0;0;0;0;0;0;0;0.22473145;0;0;0;0.059875488;0;0.1361084;0.069519043;0;0;0.062561035;0.054992676;0.21008301;0.078613281;0;0;0;0;0.050506592;0;0;0.050506592;0;0;0;0;0.070800781;0;0;0;0;0;0;0;0;0,0;0;0;0;0;0;0;0;0;0;2;0;0;0;1;0;1;1;0;0;1;1;2;1;0;0;0;0;1;0;0;1;0;0;0;0;1;0;0;0;0;0;0;0;0;0,0.2247314453125,0.2100830078125,0.2174072265625,0.1903076171875,0.1440673828125,0.023223876953125,13.0,11.0,46.0,3.0,0.06521739130434782,1.0,0.0,0.0,0.0,0.0,0.0,0.0
2840,0,0,0;0;0;0;0.079223633;0;0;0;0;0;0;0;0;0;0;0,0;0;0;0;2;0;0;0;0;0;0;0;0;0;0;0,0.0792236328125,0.0,0.03961181640625,0.026407877604166668,0.0158447265625,0.00495147705078125,2.0,1.0,16.0,0.0,0.0,0.0,0.0,0.0,0.0,0.0,0.0,0.0
2910,0,0,0.058776855;0;0;0;0;0.095336914;0;0;0;0;0;0;0;0;0;0,1;0;0;0;0;1;0;0;0;0;0;0;0;0;0;0,0.0953369140625,0.05877685546875,0.077056884765625,0.051371256510416664,0.03082275390625,0.009632110595703125,2.0,2.0,16.0,0.0,0.0,0.0,0.0,0.0,0.0,0.0,0.0,0.0
2913,0,0,0;0;0;0.097412109;0;0;0;0;0;0;0;0;0;0;0;0,0;0;0;1;0;0;0;0;0;0;0;0;0;0;0;0,0.097412109375,0.0,0.0487060546875,0.032470703125,0.019482421875,0.0060882568359375,1.0,1.0,16.0,0.0,0.0,0.0,0.0,0.0,0.0,0.0,0.0,0.0
2947,0,0,0.052246094;0.073425293;0.073669434;0;0;0;0;0;0;0;0;0;0;0;0;0,1;1;1;0;0;0;0;0;0;0;0;0;0;0;0;0,0.07366943359375,0.07342529296875,0.07354736328125,0.06644694010416667,0.0398681640625,0.01245880126953125,3.0,3.0,16.0,0.0,0.0,0.0,0.0,0.0,0.0,0.0,0.0,0.0
3053,0,0,0;0;0;0;0;0;0;0;0;0;0;0;0;0;0;0,0;0;0;0;0;0;0;0;0;0;0;0;0;0;0;0,0.0,0.0,0.0,0.0,0.0,0.0,0.0,0.0,16.0,0.0,0.0,0.0,0.0,0.0,0.0,0.0,0.0,0.0
3084,0,0,0.084777832;0.12939453;0;0.05166626;0.099487305;0.079223633;0.05380249;0;0;0;0;0;0;0;0;0,1;1;0;1;2;1;1;0;0;0;0;0;0;0;0;0,0.12939453125,0.0994873046875,0.11444091796875,0.10455322265625,0.089337158203125,0.031147003173828125,7.0,6.0,16.0,1.0,0.0625,1.0,0.0,0.0,0.0,0.0,0.0,0.0
3796,1,0,0;0;0.13256836;0.050140381;0.11358643;0;0;0;0.203125;0;0;0;0;0;0;0,0;0;1;1;3;0;0;0;1;0;0;0;0;0;0;0,0.203125,0.132568359375,0.1678466796875,0.14975992838541666,0.099884033203125,0.031213760375976562,6.0,4.0,16.0,3.0,0.1875,1.0,0.0,0.0,0.0,0.0,0.0,0.0
556,0,0,0.055419922;0;0.075317383;0;0;0;0;0;0;0;0;0;0;0;0;0,1;0;3;0;0;0;0;0;0;0;0;0;0;0;0;0,0.0753173828125,0.055419921875,0.06536865234375,0.0435791015625,0.0261474609375,0.00817108154296875,4.0,2.0,16.0,0.0,0.0,0.0,0.0,0.0,0.0,0.0,0.0,0.0
6353,0,0,0;0;0.05770874;0;0.30664062;0.23657227;0;0;0;0;0;0;0;0;0;0,0;0;1;0;2;3;0;0;0;0;0;0;0;0;0;0,0.306640625,0.236572265625,0.2716064453125,0.20030721028645834,0.120184326171875,0.03755760192871094,6.0,3.0,16.0,2.0,0.125,2.0,1.0,0.0625,1.0,0.0,0.0,0.0
663,0,0,0.091369629;0.14221191;0.070068359;0;0.076965332;0;0.083007812;0.081542969;0.091064453;0;0.31665039;0;0;0;0;0;0;0;0;0;0;0;0;0;0;0;0;0;0;0;0;0,1;1;2;0;1;0;1;1;1;0;2;0;0;0;0;0;0;0;0;0;0;0;0;0;0;0;0;0;0;0;0;0,0.316650390625,0.1422119140625,0.22943115234375,0.18341064453125,0.14486083984375,0.02977752685546875,10.0,8.0,32.0,2.0,0.0625,1.0,1.0,0.03125,1.0,0.0,0.0,0.0
6665,0,0,0;0;0.056030273;0;0.13708496;0.077819824;0;0;0;0;0;0;0;0;0;0,0;0;1;0;2;1;0;0;0;0;0;0;0;0;0;0,0.1370849609375,0.07781982421875,0.107452392578125,0.09031168619791667,0.05418701171875,0.016933441162109375,4.0,3.0,16.0,1.0,0.0625,1.0,0.0,0.0,0.0,0.0,0.0,0.0
673,0,0,0.15612793;0.068786621;0;0.072631836;0.053009033;0;0;0;0;0.072875977;0;0;0;0;0;0;0;0;0;0;0;0;0;0;0;0;0;0;0;0;0;0;0;0;0;0,2;1;0;1;2;0;0;0;0;1;0;0;0;0;0;0;0;0;0;0;0;0;0;0;0;0;0;0;0;0;0;0;0;0;0;0,0.1561279296875,0.0728759765625,0.114501953125,0.10054524739583333,0.084686279296875,0.011761983235677084,7.0,5.0,36.0,1.0,0.027777777777777776,1.0,0.0,0.0,0.0,0.0,0.0,0.0
6746,0,0,0;0.05770874;0;0;0;0;0;0;0;0;0;0;0;0;0;0,0;1;0;0;0;0;0;0;0;0;0;0;0;0;0;0,0.057708740234375,0.0,0.0288543701171875,0.019236246744791668,0.011541748046875,0.0036067962646484375,1.0,1.0,16.0,0.0,0.0,0.0,0.0,0.0,0.0,0.0,0.0,0.0
6804,0,0,0.058990479;0.054992676;0;0;0;0.072875977;0;0;0;0;0;0;0;0;0;0,1;1;0;0;0;1;0;0;0;0;0;0;0;0;0;0,0.0728759765625,0.058990478515625,0.0659332275390625,0.062286376953125,0.037371826171875,0.011678695678710938,3.0,3.0,16.0,0.0,0.0,0.0,0.0,0.0,0.0,0.0,0.0,0.0
6995,0,0,0.092041016;0;0.056640625;0.070556641;0;0;0;0;0;0;0;0;0;0.071044922;0;0,1;0;1;1;0;0;0;0;0;0;0;0;0;1;0;0,0.092041015625,0.071044921875,0.08154296875,0.077880859375,0.058056640625,0.0181427001953125,4.0,4.0,16.0,0.0,0.0,0.0,0.0,0.0,0.0,0.0,0.0,0.0
7006,0,0,0;0.051849365;0.053192139;0.10125732;0.054199219;0;0;0;0;0;0;0;0;0;0;0;0;0;0;0,0;1;1;2;1;0;0;0;0;0;0;0;0;0;0;0;0;0;0;0,0.10125732421875,0.05419921875,0.077728271484375,0.069549560546875,0.052099609375,0.01302490234375,5.0,4.0,20.0,1.0,0.05,1.0,0.0,0.0,0.0,0.0,0.0,0.0
704,0,0,0;0;0;0.069030762;0;0;0;0;0;0;0;0;0;0;0;0,0;0;0;1;0;0;0;0;0;0;0;0;0;0;0;0,0.06903076171875,0.0,0.034515380859375,0.02301025390625,0.01380615234375,0.004314422607421875,1.0,1.0,16.0,0.0,0.0,0.0,0.0,0.0,0.0,0.0,0.0,0.0
7045,0,0,0;0.077819824;0;0;0;0;0;0;0;0;0;0;0;0;0;0,0;2;0;0;0;0;0;0;0;0;0;0;0;0;0;0,0.07781982421875,0.0,0.038909912109375,0.02593994140625,0.01556396484375,0.004863739013671875,2.0,1.0,16.0,0.0,0.0,0.0,0.0,0.0,0.0,0.0,0.0,0.0
7107,0,0,0;0.069824219;0.069519043;0.062805176;0;0;0;0;0;0;0;0.087585449;0;0;0;0,0;2;1;1;0;0;0;0;0;0;0;1;0;0;0;0,0.08758544921875,0.06982421875,0.078704833984375,0.07564290364583333,0.05794677734375,0.018108367919921875,5.0,4.0,16.0,0.0,0.0,0.0,0.0,0.0,0.0,0.0,0.0,0.0
7159,0,0,0;0.1315918;0.053985596;0.18652344;0.055603027;0;0;0;0;0;0;0;0;0;0;0,0;4;1;2;1;0;0;0;0;0;0;0;0;0;0;0,0.1865234375,0.131591796875,0.1590576171875,0.12457275390625,0.085540771484375,0.026731491088867188,8.0,4.0,16.0,2.0,0.125,1.0,0.0,0.0,0.0,0.0,0.0,0.0
7248,0,0,0.18237305;0;0.079772949;0.17443848;0;0;0;0;0;0;0;0;0;0;0;0,2;0;1;2;0;0;0;0;0;0;0;0;0;0;0;0,0.182373046875,0.1744384765625,0.17840576171875,0.14552815755208334,0.08731689453125,0.027286529541015625,5.0,3.0,16.0,2.0,0.125,1.0,0.0,0.0,0.0,0.0,0.0,0.0
7332,0,0,0;0.061889648;0;0.05480957;0;0;0;0;0;0;0;0;0;0;0;0,0;1;0;1;0;0;0;0;0;0;0;0;0;0;0;0,0.0618896484375,0.0548095703125,0.058349609375,0.038899739583333336,0.02333984375,0.007293701171875,2.0,2.0,16.0,0.0,0.0,0.0,0.0,0.0,0.0,0.0,0.0,0.0
7396,0,0,0;0;0;0;0;0;0;0;0;0;0;0;0;0;0;0,0;0;0;0;0;0;0;0;0;0;0;0;0;0;0;0,0.0,0.0,0.0,0.0,0.0,0.0,0.0,0.0,16.0,0.0,0.0,0.0,0.0,0.0,0.0,0.0,0.0,0.0
7397,0,0,0;0.058990479;0;0.10375977;0.051086426;0;0;0;0;0;0;0;0;0;0;0,0;1;0;2;1;0;0;0;0;0;0;0;0;0;0;0,0.103759765625,0.058990478515625,0.0813751220703125,0.07127888997395833,0.042767333984375,0.013364791870117188,4.0,3.0,16.0,1.0,0.0625,1.0,0.0,0.0,0.0,0.0,0.0,0.0
7428,0,0,0.075561523;0.093994141;0.063964844;0;0;0;0.097045898;0;0;0;0;0;0;0;0;0,1;2;1;0;0;0;1;0;0;0;0;0;0;0;0;0,0.0970458984375,0.093994140625,0.09552001953125,0.0888671875,0.06611328125,0.020660400390625,5.0,4.0,16.0,0.0,0.0,0.0,0.0,0.0,0.0,0.0,0.0,0.0
834,0,0,0;0;0;0.15100098;0;0;0;0;0;0;0;0;0;0;0;0,0;0;0;2;0;0;0;0;0;0;0;0;0;0;0;0,0.1510009765625,0.0,0.07550048828125,0.050333658854166664,0.0302001953125,0.00943756103515625,2.0,1.0,16.0,1.0,0.0625,1.0,0.0,0.0,0.0,0.0,0.0,0.0
880,0,0,0.19006348;0.11358643;0;0;0;0.068054199;0.19873047;0.25463867;0.17382812;0;0;0;0;0;0;0,1;1;0;0;0;2;4;3;1;0;0;0;0;0;0;0,0.254638671875,0.19873046875,0.2266845703125,0.2144775390625,0.18616943359375,0.06243133544921875,12.0,6.0,16.0,5.0,0.3125,3.0,0.0,0.0,0.0,0.0,0.0,0.0
902,0,0,0;0;0.076416016;0.11199951;0;0.051452637;0;0.09173584;0.097045898;0;0;0;0;0;0;0;0.061889648;0;0.051269531;0;0;0;0;0;0;0;0;0;0;0.056243896;0;0;0;0,0;0;1;1;0;1;0;1;1;0;0;0;0;0;0;0;1;0;1;0;0;0;0;0;0;0;0;0;0;1;0;0;0;0,0.11199951171875,0.0970458984375,0.104522705078125,0.10026041666666667,0.0878173828125,0.017589793485753676,8.0,8.0,34.0,1.0,0.029411764705882353,1.0,0.0,0.0,0.0,0.0,0.0,0.0
9244,1,0,0.11962891;0;0.098754883;0.059661865;0;0;0;0;0.065612793;0.12683105;0;0.25024414;0;0;0.086303711;0;0;0;0;0;0;0;0;0;0;0;0;0;0,4;0;1;1;0;0;0;0;1;2;0;3;0;0;1;0;0;0;0;0;0;0;0;0;0;0;0;0;0,0.250244140625,0.1268310546875,0.18853759765625,0.16556803385416666,0.1363525390625,0.027828874259159482,13.0,7.0,29.0,3.0,0.10344827586206896,1.0,0.0,0.0,0.0,0.0,0.0,0.0
9248,0,0,0;0.11315918;0;0;0.073974609;0.1237793;0;0;0.050506592;0;0;0;0;0;0;0;0;0;0;0;0;0;0;0;0;0;0;0;0,0;2;0;0;3;4;0;0;1;0;0;0;0;0;0;0;0;0;0;0;0;0;0;0;0;0;0;0;0,0.123779296875,0.1131591796875,0.11846923828125,0.1036376953125,0.072283935546875,0.012462747508081896,10.0,4.0,29.0,2.0,0.06896551724137931,1.0,0.0,0.0,0.0,0.0,0.0,0.0
925,0,0,0.084472656;0;0;0;0.051452637;0.082397461;0;0.058563232;0.10089111;0.069274902;0.1394043;0.12719727;0.28613281;0.2088623;0.16662598;0.056030273;0.064880371;0.080932617;0;0.060516357;0;0.084472656;0.059875488;0;0;0;0;0,1;0;0;0;1;2;0;1;1;1;1;1;1;1;1;1;1;1;0;1;0;1;1;0;0;0;0;0,0.2861328125,0.2088623046875,0.24749755859375,0.22054036458333334,0.18564453125,0.06364222935267858,18.0,17.0,28.0,6.0,0.21428571428571427,5.0,0.0,0.0,0.0,0.0,0.0,0.0
985,0,0,0.067565918;0.25170898;0.11126709;0.063232422;0;0.12512207;0.085693359;0;0;0;0;0;0;0;0.052246094;0;0;0;0;0;0;0;0;0;0;0;0;0;0,1;3;1;1;0;1;1;0;0;0;0;0;0;0;1;0;0;0;0;0;0;0;0;0;0;0;0;0;0,0.251708984375,0.1251220703125,0.18841552734375,0.16269938151041666,0.128271484375,0.026097790948275863,9.0,7.0,29.0,3.0,0.10344827586206896,2.0,0.0,0.0,0.0,0.0,0.0,0.0
995,0,0,0;0;0;0;0;0;0.11126709;0.11126709;0;0;0;0;0;0;0.056854248;0.08416748;0;0;0;0;0;0.16662598;0;0.072631836;0;0;0;0;0,0;0;0;0;0;0;1;1;0;0;0;0;0;0;1;1;0;0;0;0;0;1;0;1;0;0;0;0;0,0.1666259765625,0.11126708984375,0.138946533203125,0.12972005208333334,0.10919189453125,0.02078668002424569,6.0,6.0,29.0,3.0,0.10344827586206896,2.0,0.0,0.0,0.0,0.0,0.0,0.0
