series_id,patient_id,y_true,fold,prediction_protocol,detector_checkpoint_sha256,config_sha256,slice_scores,detection_counts,physical_positions,num_slices,study_seconds,max_confidence,second_confidence,top2_mean,top3_mean,top5_mean,mean_confidence,total_detections,detected_slices,count_ge_0_05,fraction_ge_0_05,longest_run_ge_0_05,count_ge_0_1,fraction_ge_0_1,longest_run_ge_0_1,count_ge_0_3,fraction_ge_0_3,longest_run_ge_0_3,count_ge_0_5,fraction_ge_0_5,longest_run_ge_0_5,median_spacing_mm,longest_run_mm_ge_0_1,longest_run_mm_ge_0_3,longest_run_mm_ge_0_5
1032,264685,0,0,heldout_patient_fold,aa2d72a2538f26976441e6d52c8c11ca964533e55b3978b8345a70a019d52638,ea81da4d34ee1570c8dd3460a4e44f8f247a0ba0f55b701dbf5093d392e32021,0;0;0;0.10668945;0.014007568;0;0;0;0;0;0;0;0;0.050140381;0.026260376;0.012237549;0;0;0;0.049407959;0.026657104;0.13476562;0.083862305;0;0;0;0;0;0,0;0;0;2;2;0;0;0;0;0;0;0;0;1;1;1;0;0;0;4;2;5;4;0;0;0;0;0;0,-542.85253;-538.02288;-533.19323;-528.36358;-523.53393;-518.70428;-513.87463;-509.04498;-504.21533;-499.38568;-494.55613;-489.72648;-484.89683;-480.06718;-475.23753;-470.40788;-465.57823;-460.74858;-455.91893;-451.08928;-446.25963;-441.42998;-436.60033;-431.77068;-426.94103;-422.11138;-417.28173;-412.45208;-407.62243,29.0,1.558135642999332,0.134765625,0.106689453125,0.1207275390625,0.10843912760416667,0.08497314453125,0.017380286907327586,22.0,9.0,4.0,0.13793103448275862,2.0,2.0,0.06896551724137931,1.0,0.0,0.0,0.0,0.0,0.0,0.0,4.829650000000015,0.0,0.0,0.0
1033,264685,0,0,heldout_patient_fold,aa2d72a2538f26976441e6d52c8c11ca964533e55b3978b8345a70a019d52638,ea81da4d34ee1570c8dd3460a4e44f8f247a0ba0f55b701dbf5093d392e32021,0.01348114;0;0.050506592;0.01210022;0;0;0;0;0.011917114;0;0.013900757;0;0.015960693;0.010131836;0;0;0.022720337;0;0;0.028656006;0.056243896;0.047943115;0.036499023;0.063232422;0.022537231;0;0,1;0;1;1;0;0;0;0;1;0;1;0;1;1;0;0;1;0;0;4;3;2;5;2;1;0;0,-420;-415;-410;-405;-400;-395;-390;-385;-380;-375;-370;-365;-360;-355;-350;-345;-340;-335;-330;-325;-320;-315;-310;-305;-300;-295;-290,27.0,0.4463775690001057,0.063232421875,0.056243896484375,0.0597381591796875,0.056660970052083336,0.050885009765625,0.015030754937065972,25.0,14.0,3.0,0.1111111111111111,1.0,0.0,0.0,0.0,0.0,0.0,0.0,0.0,0.0,0.0,5.0,0.0,0.0,0.0
1164,330957,0,0,heldout_patient_fold,aa2d72a2538f26976441e6d52c8c11ca964533e55b3978b8345a70a019d52638,ea81da4d34ee1570c8dd3460a4e44f8f247a0ba0f55b701dbf5093d392e32021,0;0.01411438;0.042572021;0.020339966;0.010902405;0;0.045349121;0.034088135;0;0;0.016098022;0;0;0;0;0;0;0;0;0;0;0;0;0;0.13842773;0.25097656;0.033843994;0.047790527;0.056243896;0;0;0;0,0;1;1;2;1;0;1;1;0;0;1;0;0;0;0;0;0;0;0;0;0;0;0;0;5;5;4;2;2;0;0;0;0,-373.2;-368.2;-363.2;-358.2;-353.2;-348.2;-343.2;-338.2;-333.2;-328.2;-323.2;-318.2;-313.2;-308.2;-303.2;-298.2;-293.2;-288.2;-283.2;-278.2;-273.2;-268.2;-263.2;-258.2;-253.2;-248.2;-243.2;-238.2;-233.2;-228.2;-223.2;-218.2;-213.2,33.0,0.5521240119996946,0.2509765625,0.138427734375,0.1947021484375,0.14854939778645834,0.107757568359375,0.02153778076171875,26.0,12.0,3.0,0.09090909090909091,2.0,2.0,0.06060606060606061,2.0,0.0,0.0,0.0,0.0,0.0,0.0,5.0,5.0,0.0,0.0
1734,597149,0,0,heldout_patient_fold,aa2d72a2538f26976441e6d52c8c11ca964533e55b3978b8345a70a019d52638,ea81da4d34ee1570c8dd3460a4e44f8f247a0ba0f55b701dbf5093d392e32021,0;0;0.011779785;0;0;0.035003662;0;0;0;0;0;0;0.016281128;0.028442383;0;0,0;0;1;0;0;2;0;0;0;0;0;0;2;4;0;0,-573.8059;-565.80092;-557.80565;-549.80068;-542.7563;-534.75132;-526.75605;-518.75108;-511.7067;-503.70172;-495.70645;-487.70148;-480.6571;-472.65212;-464.65685;-456.65188,16.0,0.38486586200087913,0.035003662109375,0.0284423828125,0.0317230224609375,0.026575724283854168,0.0183013916015625,0.005719184875488281,9.0,4.0,0.0,0.0,0.0,0.0,0.0,0.0,0.0,0.0,0.0,0.0,0.0,0.0,8.004974999999945,0.0,0.0,0.0
1927,686247,0,0,heldout_patient_fold,aa2d72a2538f26976441e6d52c8c11ca964533e55b3978b8345a70a019d52638,ea81da4d34ee1570c8dd3460a4e44f8f247a0ba0f55b701dbf5093d392e32021,0;0;0;0.010734558;0.010292053;0;0;0.011825562;0.040100098;0.038604736;0;0.073181152;0.098083496;0.77734375;0.043212891;0.010734558;0.019119263;0;0.037475586;0.020965576;0.05645752;0;0;0;0;0,0;0;0;1;1;0;0;1;3;2;0;1;2;2;2;1;1;0;2;2;6;0;0;0;0;0,-184.2;-179.2;-174.2;-169.2;-164.2;-159.2;-154.2;-149.2;-144.2;-139.2;-134.2;-129.2;-124.2;-119.2;-114.2;-109.2;-104.2;-99.2;-94.2;-89.2;-84.2;-79.2;-74.2;-69.2;-64.2;-59.2,26.0,0.43289879800067865,0.77734375,0.09808349609375,0.437713623046875,0.3162027994791667,0.20965576171875,0.04800503070537861,27.0,14.0,4.0,0.15384615384615385,3.0,1.0,0.038461538461538464,1.0,1.0,0.038461538461538464,1.0,1.0,0.038461538461538464,1.0,5.0,0.0,0.0,0.0
1975,692845,0,0,heldout_patient_fold,aa2d72a2538f26976441e6d52c8c11ca964533e55b3978b8345a70a019d52638,ea81da4d34ee1570c8dd3460a4e44f8f247a0ba0f55b701dbf5093d392e32021,0;0;0;0.011688232;0;0;0;0;0;0.070556641;0.014282227;0.12854004;0.32080078;0.078063965;0.0703125;0.27197266;0.060516357;0.052429199;0.024703979;0;0.035949707;0;0.012924194;0.019866943;0.24584961;0.098083496;0.013168335;0;0,0;0;0;1;0;0;0;0;0;1;1;2;2;2;1;1;2;3;2;0;2;0;1;3;3;2;1;0;0,33;38;43;48;53;58;63;68;73;78;83;88;93;98;103;108;113;118;123;128;133;138;143;148;153;158;163;168;173,29.0,0.4899481520005793,0.32080078125,0.27197265625,0.29638671875,0.279541015625,0.21304931640625,0.05274858145878233,30.0,17.0,10.0,0.3448275862068966,7.0,4.0,0.13793103448275862,2.0,1.0,0.034482758620689655,1.0,0.0,0.0,0.0,5.0,5.0,0.0,0.0
1996,695481,0,0,heldout_patient_fold,aa2d72a2538f26976441e6d52c8c11ca964533e55b3978b8345a70a019d52638,ea81da4d34ee1570c8dd3460a4e44f8f247a0ba0f55b701dbf5093d392e32021,0;0;0;0;0;0;0;0.016921997;0;0;0;0;0.011962891;0;0;0;0.025177002;0;0.016342163;0.010406494;0;0.062561035;0.010528564;0;0;0;0;0;0;0;0,0;0;0;0;0;0;0;1;0;0;0;0;1;0;0;0;1;0;1;1;0;1;1;0;0;0;0;0;0;0;0,-517.5;-512.5;-507.5;-502.5;-497.5;-492.5;-487.5;-482.5;-477.5;-472.5;-467.5;-462.5;-457.5;-452.5;-447.5;-442.5;-437.5;-432.5;-427.5;-422.5;-417.5;-412.5;-407.5;-402.5;-397.5;-392.5;-387.5;-382.5;-377.5;-372.5;-367.5,31.0,0.5121523329999036,0.06256103515625,0.025177001953125,0.0438690185546875,0.034886678059895836,0.026593017578125,0.004964520854334678,7.0,7.0,1.0,0.03225806451612903,1.0,0.0,0.0,0.0,0.0,0.0,0.0,0.0,0.0,0.0,5.0,0.0,0.0,0.0
1997,695481,0,0,heldout_patient_fold,aa2d72a2538f26976441e6d52c8c11ca964533e55b3978b8345a70a019d52638,ea81da4d34ee1570c8dd3460a4e44f8f247a0ba0f55b701dbf5093d392e32021,0;0;0;0;0.013534546;0;0.014060974;0;0;0;0;0.016464233;0;0;0.014556885;0.026763916;0.032348633;0;0;0;0;0;0;0;0;0;0,0;0;0;0;1;0;1;0;0;0;0;1;0;0;1;1;1;0;0;0;0;0;0;0;0;0;0,-545.5;-540.5;-535.5;-530.5;-525.5;-520.5;-515.5;-510.5;-505.5;-500.5;-495.5;-490.5;-485.5;-480.5;-475.5;-470.5;-465.5;-460.5;-455.5;-450.5;-445.5;-440.5;-435.5;-430.5;-425.5;-420.5;-415.5,27.0,0.442078775000482,0.0323486328125,0.026763916015625,0.0295562744140625,0.0251922607421875,0.02083892822265625,0.004360340259693287,6.0,6.0,0.0,0.0,0.0,0.0,0.0,0.0,0.0,0.0,0.0,0.0,0.0,0.0,5.0,0.0,0.0,0.0
1999,695481,0,0,heldout_patient_fold,aa2d72a2538f26976441e6d52c8c11ca964533e55b3978b8345a70a019d52638,ea81da4d34ee1570c8dd3460a4e44f8f247a0ba0f55b701dbf5093d392e32021,0;0;0;0;0;0;0;0.020965576;0;0;0;0;0;0;0;0;0;0;0.013023376;0;0;0.011032104;0;0;0;0;0;0;0,0;0;0;0;0;0;0;1;0;0;0;0;0;0;0;0;0;0;1;0;0;1;0;0;0;0;0;0;0,132.5;137.5;142.5;147.5;152.5;157.5;162.5;167.5;172.5;177.5;182.5;187.5;192.5;197.5;202.5;207.5;212.5;217.5;222.5;227.5;232.5;237.5;242.5;247.5;252.5;257.5;262.5;267.5;272.5,29.0,0.4783736660010618,0.020965576171875,0.01302337646484375,0.016994476318359375,0.01500701904296875,0.00900421142578125,0.0015524502458243534,3.0,3.0,0.0,0.0,0.0,0.0,0.0,0.0,0.0,0.0,0.0,0.0,0.0,0.0,5.0,0.0,0.0,0.0
2034,702023,0,0,heldout_patient_fold,aa2d72a2538f26976441e6d52c8c11ca964533e55b3978b8345a70a019d52638,ea81da4d34ee1570c8dd3460a4e44f8f247a0ba0f55b701dbf5093d392e32021,0;0;0;0.013847351;0;0;0;0;0.0184021;0.01751709;0.041625977;0.20178223;0.38305664;0.48242188;0.015716553;0;0;0;0;0.010948181;0.015777588;0;0.029876709;0.012145996;0.073974609;0.070068359;0;0;0.018829346;0;0;0,0;0;0;1;0;0;0;0;1;1;2;4;5;4;1;0;0;0;0;1;1;0;3;3;3;3;0;0;1;0;0;0,-392.5;-387.5;-382.5;-377.5;-372.5;-367.5;-362.5;-357.5;-352.5;-347.5;-342.5;-337.5;-332.5;-327.5;-322.5;-317.5;-312.5;-307.5;-302.5;-297.5;-292.5;-287.5;-282.5;-277.5;-272.5;-267.5;-262.5;-257.5;-252.5;-247.5;-242.5;-237.5,32.0,0.5317017859997577,0.482421875,0.383056640625,0.4327392578125,0.3557535807291667,0.2422607421875,0.04393720626831055,34.0,15.0,5.0,0.15625,3.0,3.0,0.09375,3.0,2.0,0.0625,2.0,0.0,0.0,0.0,5.0,10.0,5.0,0.0
2046,705206,0,0,heldout_patient_fold,aa2d72a2538f26976441e6d52c8c11ca964533e55b3978b8345a70a019d52638,ea81da4d34ee1570c8dd3460a4e44f8f247a0ba0f55b701dbf5093d392e32021,0.011161804;0;0;0.065856934;0.010452271;0;0;0;0;0;0;0;0.011550903;0;0;0,1;0;0;2;1;0;0;0;0;0;0;0;1;0;0;0,-570;-562;-554;-546;-538;-530;-522;-514;-506;-498;-490;-482;-474;-466;-458;-450,16.0,0.3948785630000202,0.06585693359375,0.0115509033203125,0.03870391845703125,0.029523213704427082,0.01980438232421875,0.006188869476318359,5.0,4.0,1.0,0.0625,1.0,0.0,0.0,0.0,0.0,0.0,0.0,0.0,0.0,0.0,8.0,0.0,0.0,0.0
2265,765202,1,0,heldout_patient_fold,aa2d72a2538f26976441e6d52c8c11ca964533e55b3978b8345a70a019d52638,ea81da4d34ee1570c8dd3460a4e44f8f247a0ba0f55b701dbf5093d392e32021,0;0.019119263;0;0;0;0.014785767;0;0;0.27368164;0.21606445;0.041473389;0.27661133;0.022720337;0.043701172;0;0,0;1;0;0;0;1;0;0;3;5;4;7;1;1;0;0,-579.72512;-571.72609;-563.71708;-555.71806;-547.76896;-539.76993;-531.76092;-523.7619;-515.8129;-507.81387;-499.80476;-491.80583;-483.85664;-475.85771;-467.8486;-459.84967,16.0,0.3972333540004911,0.276611328125,0.273681640625,0.275146484375,0.2554524739583333,0.170306396484375,0.05675983428955078,23.0,8.0,3.0,0.1875,2.0,3.0,0.1875,2.0,0.0,0.0,0.0,0.0,0.0,0.0,7.999026299999969,7.999026299999969,0.0,0.0
2336,767131,0,0,heldout_patient_fold,aa2d72a2538f26976441e6d52c8c11ca964533e55b3978b8345a70a019d52638,ea81da4d34ee1570c8dd3460a4e44f8f247a0ba0f55b701dbf5093d392e32021,0.012336731;0.037902832;0.021621704;0.04208374;0.037200928;0.090087891;0;0;0;0;0.017776489;0.013847351;0.011688232;0.029083252;0;0.028442383,1;1;1;2;3;2;0;0;0;0;1;1;1;1;0;1,-607;-599;-591;-583;-575;-567;-559;-551;-543;-535;-527;-519;-511;-503;-495;-487,16.0,0.3934791829997266,0.090087890625,0.042083740234375,0.0660858154296875,0.056691487630208336,0.047271728515625,0.021379470825195312,15.0,11.0,1.0,0.0625,1.0,0.0,0.0,0.0,0.0,0.0,0.0,0.0,0.0,0.0,8.0,0.0,0.0,0.0
2368,767281,0,0,heldout_patient_fold,aa2d72a2538f26976441e6d52c8c11ca964533e55b3978b8345a70a019d52638,ea81da4d34ee1570c8dd3460a4e44f8f247a0ba0f55b701dbf5093d392e32021,0;0;0;0;0;0.020172119;0.044189453;0;0;0;0;0;0.012428284;0.011070251;0;0,0;0;0;0;0;3;1;0;0;0;0;0;1;1;0;0,-524;-516;-508;-500;-492;-484;-476;-468;-460;-452;-444;-436;-428;-420;-412;-404,16.0,0.3931814489988028,0.044189453125,0.020172119140625,0.0321807861328125,0.02559661865234375,0.017572021484375,0.0054912567138671875,6.0,4.0,0.0,0.0,0.0,0.0,0.0,0.0,0.0,0.0,0.0,0.0,0.0,0.0,8.0,0.0,0.0,0.0
2408,767432,0,0,heldout_patient_fold,aa2d72a2538f26976441e6d52c8c11ca964533e55b3978b8345a70a019d52638,ea81da4d34ee1570c8dd3460a4e44f8f247a0ba0f55b701dbf5093d392e32021,0;0;0;0.045532227;0;0;0;0;0;0;0;0.017303467;0.01461792;0;0;0,0;0;0;1;0;0;0;0;0;0;0;3;2;0;0;0,-661.5;-653.5;-645.5;-637.5;-629.5;-621.5;-613.5;-605.5;-597.5;-589.5;-581.5;-573.5;-565.5;-557.5;-549.5;-541.5,16.0,0.39114650600095047,0.0455322265625,0.017303466796875,0.0314178466796875,0.02581787109375,0.01549072265625,0.004840850830078125,6.0,3.0,0.0,0.0,0.0,0.0,0.0,0.0,0.0,0.0,0.0,0.0,0.0,0.0,8.0,0.0,0.0,0.0
2437,767504,0,0,heldout_patient_fold,aa2d72a2538f26976441e6d52c8c11ca964533e55b3978b8345a70a019d52638,ea81da4d34ee1570c8dd3460a4e44f8f247a0ba0f55b701dbf5093d392e32021,0;0;0;0;0.21472168;0.015670776;0;0;0;0;0;0;0.012924194;0;0;0,0;0;0;0;2;1;0;0;0;0;0;0;1;0;0;0,-590.78603;-582.78574;-574.78545;-566.78516;-559.17995;-551.17966;-543.17937;-535.17908;-527.57387;-519.57358;-511.57339;-503.573;-495.96779;-487.9675;-479.96731;-471.96692,16.0,0.3924671029999445,0.2147216796875,0.0156707763671875,0.11519622802734375,0.08110555013020833,0.048663330078125,0.015207290649414062,4.0,3.0,1.0,0.0625,1.0,1.0,0.0625,1.0,0.0,0.0,0.0,0.0,0.0,0.0,8.000288999999952,0.0,0.0,0.0
2589,768104,0,0,heldout_patient_fold,aa2d72a2538f26976441e6d52c8c11ca964533e55b3978b8345a70a019d52638,ea81da4d34ee1570c8dd3460a4e44f8f247a0ba0f55b701dbf5093d392e32021,0;0;0;0;0.026153564;0;0;0;0.019714355;0.020339966;0.022796631;0.023071289;0.043701172;0;0;0,0;0;0;0;1;0;0;0;1;2;2;2;2;0;0;0,-513.11764;-505.11735;-497.12689;-489.1266;-481.70548;-473.70519;-465.71473;-457.71444;-450.29332;-442.29303;-434.30257;-426.30228;-418.88116;-410.88087;-402.89041;-394.89012,16.0,0.39945478399931744,0.043701171875,0.026153564453125,0.0349273681640625,0.030975341796875,0.0272125244140625,0.009736061096191406,10.0,6.0,0.0,0.0,0.0,0.0,0.0,0.0,0.0,0.0,0.0,0.0,0.0,0.0,8.000284499999964,0.0,0.0,0.0
270818,5e14e35deb5f2d63ad55ac4e358a0243224b92e2925a97dca1d07f5bb94f9476,0,0,heldout_patient_fold,aa2d72a2538f26976441e6d52c8c11ca964533e55b3978b8345a70a019d52638,ea81da4d34ee1570c8dd3460a4e44f8f247a0ba0f55b701dbf5093d392e32021,0;0;0;0;0.033477783;0;0;0.060089111;0.026763916;0.017181396;0.019348145;0.062561035;0.098083496;0.011245728;0;0;0.030105591;0.0259552;0.046203613;0.019058228;0.098083496;0.047424316;0;0;0.019424438;0.098754883;0.037750244;0;0.02645874;0;0;0,0;0;0;0;3;0;0;2;1;1;2;3;1;1;0;0;1;1;2;3;1;1;0;0;3;6;2;0;1;0;0;0,134.27812;139.28926;144.27221;149.28336;154.26631;159.27745;164.26028;169.27142;174.25438;179.26552;184.24835;189.25949;194.24244;199.25359;204.23654;209.24768;214.23051;219.24165;224.22461;229.23575;234.21858;239.22972;244.21267;249.22382;254.20677;259.21791;264.20074;269.21188;274.19484;279.20598;284.18881;289.19995,32.0,0.538347748999513,0.0987548828125,0.09808349609375,0.098419189453125,0.09830729166666667,0.083514404296875,0.024311542510986328,35.0,18.0,5.0,0.15625,2.0,0.0,0.0,0.0,0.0,0.0,0.0,0.0,0.0,0.0,5.011140791713274,0.0,0.0,0.0
270872,eb706499d1c3d53477dea54cb1fec38402488907df08bb3a378dd2567bb9b978,0,0,heldout_patient_fold,aa2d72a2538f26976441e6d52c8c11ca964533e55b3978b8345a70a019d52638,ea81da4d34ee1570c8dd3460a4e44f8f247a0ba0f55b701dbf5093d392e32021,0;0.021942139;0;0;0.017715454;0;0;0;0.069030762;0.040679932;0;0;0;0;0;0;0;0.011161804;0;0;0.02696228;0.023239136;0.011962891;0;0;0.23657227;0;0,0;1;0;0;1;0;0;0;2;2;0;0;0;0;0;0;0;1;0;0;1;1;1;0;0;1;0;0,1155.9453;1161.5468;1167.1482;1172.7497;1178.3512;1183.9527;1189.5542;1195.1557;1200.7571;1206.3586;1211.9601;1217.5616;1223.1631;1228.7646;1234.366;1239.9675;1245.569;1251.1705;1256.772;1262.3734;1267.9749;1273.5764;1279.1779;1284.7794;1290.3809;1295.9823;1301.5838;1307.1853,28.0,0.4547527619997709,0.236572265625,0.06903076171875,0.152801513671875,0.11542765299479167,0.079296875,0.016402380807059153,11.0,9.0,2.0,0.07142857142857142,1.0,1.0,0.03571428571428571,1.0,0.0,0.0,0.0,0.0,0.0,0.0,5.6014825560000645,0.0,0.0,0.0
270907,a1b1df8f806e517e6a5f84bdc125d3300921faecd75f297699f8989a3edfb4d6,0,0,heldout_patient_fold,aa2d72a2538f26976441e6d52c8c11ca964533e55b3978b8345a70a019d52638,ea81da4d34ee1570c8dd3460a4e44f8f247a0ba0f55b701dbf5093d392e32021,0;0.038330078;0.044189453;0;0.020889282;0.15148926;0;0;0.02645874;0.02104187;0;0;0;0;0.010169983;0;0;0;0.018768311;0;0;0.03918457;0.010818481;0;0;0;0;0.015960693;0;0;0.010856628;0;0;0.010452271;0.011825562;0;0;0;0;0;0;0.010566711;0.054412842;0.021697998;0;0;0.013374329;0;0;0,0;1;3;0;3;3;0;0;1;3;0;0;0;0;1;0;0;0;1;0;0;2;2;0;0;0;0;1;0;0;1;0;0;1;1;0;0;0;0;0;0;1;3;3;0;0;2;0;0;0,24.786343;29.786751;32.285973;34.786177;36.32046;37.286381;39.786585;41.320868;42.285807;44.786011;46.320294;47.286215;49.786419;51.320702;52.285642;54.785846;57.28605;59.786254;62.285476;64.787643;69.695778;69.788051;74.696186;74.787477;79.695612;79.787885;84.69602;84.787312;89.695447;89.78772;94.695855;94.787146;99.695281;99.787554;104.69569;104.78698;109.78739;114.78681;119.78722;124.78665;129.78706;134.78648;139.78689;144.78632;149.78673;154.78615;159.78656;164.78599;169.78639;174.78582,50.0,0.8273052300010022,0.1514892578125,0.054412841796875,0.1029510498046875,0.08336385091145833,0.065521240234375,0.0106097412109375,33.0,18.0,2.0,0.04,1.0,1.0,0.02,1.0,0.0,0.0,0.0,0.0,0.0,0.0,2.5002039689999975,0.0,0.0,0.0
270967,b013b1327ab19999ea2baeeeba7633af92cee8dac28a833028eba3bd356eb867,0,0,heldout_patient_fold,aa2d72a2538f26976441e6d52c8c11ca964533e55b3978b8345a70a019d52638,ea81da4d34ee1570c8dd3460a4e44f8f247a0ba0f55b701dbf5093d392e32021,0.017242432;0.011070251;0.041778564;0.019561768;0.061889648;0.081237793;0;0;0;0;0;0;0.014732361;0.025375366;0.018051147;0;0;0.020568848;0;0;0.019271851;0.015014648;0.012924194;0.07421875;0.011962891;0.048492432;0.020095825;0.031616211;0.010131836;0.034362793;0.017105103;0.023330688;0.01461792;0.016220093;0.015426636;0.012008667;0.010093689;0.077819824;0.02696228;0;0.019714355;0.030792236;0;0.017440796;0.15454102;0.04977417;0;0;0;0,1;1;3;1;4;1;0;0;0;0;0;0;1;2;2;0;0;3;0;0;2;3;1;3;1;3;1;2;1;4;1;1;2;2;1;1;1;1;1;0;1;1;0;1;1;1;0;0;0;0,-57.485809;-55.167849;-52.849889;-50.531929;-48.213969;-45.896009;-43.578049;-38.942129;-36.624169;-34.306209;-31.988249;-27.352329;-22.716409;-20.398449;-15.762529;-13.444569;-11.126609;-8.808649;-6.490689;-4.172729;-1.854769;0.46319105;2.781151;5.099111;7.417071;12.052991;14.370951;19.006871;23.642791;25.960751;28.278711;30.596671;32.914631;35.232591;37.550551;39.868511;42.186471;44.504431;49.140351;51.458311;53.776271;58.412191;60.730151;63.048111;65.366071;67.684031;70.001991;72.319951;74.637911;76.955871,50.0,0.8205394050000905,0.154541015625,0.08123779296875,0.117889404296875,0.10453287760416667,0.08994140625,0.021508941650390623,56.0,34.0,5.0,0.1,2.0,1.0,0.02,1.0,0.0,0.0,0.0,0.0,0.0,0.0,2.3179599999999994,0.0,0.0,0.0
271013,da75522da98102ec45438af8b82387833b4b520fd65519615a79d1628e462cbc,0,0,heldout_patient_fold,aa2d72a2538f26976441e6d52c8c11ca964533e55b3978b8345a70a019d52638,ea81da4d34ee1570c8dd3460a4e44f8f247a0ba0f55b701dbf5093d392e32021,0;0;0.12042236;0;0;0;0;0.021774292;0.030273438;0.01374054;0.041778564;0.010131836;0.015129089;0;0;0.013168335;0;0;0;0;0;0;0.028549194;0.012870789;0.029541016;0.024795532;0;0.031982422;0;0.18005371;0.24658203;0.028213501;0.013900757;0.023330688;0;0;0;0,0;0;1;0;0;0;0;2;5;2;4;1;1;0;0;2;0;0;0;0;0;0;1;1;1;2;0;1;0;2;4;2;2;1;0;0;0;0,-2.5;2.5;7.5;12.5;17.5;22.5;27.5;32.5;37.5;42.5;47.5;52.5;57.5;62.5;67.5;72.5;77.5;82.5;87.5;92.5;97.5;102.5;107.5;112.5;117.5;122.5;127.5;132.5;137.5;142.5;147.5;152.5;157.5;162.5;167.5;172.5;177.5;182.5,38.0,0.6505291459998261,0.24658203125,0.1800537109375,0.21331787109375,0.18235270182291666,0.124163818359375,0.02332205521432977,35.0,18.0,3.0,0.07894736842105263,2.0,3.0,0.07894736842105263,2.0,0.0,0.0,0.0,0.0,0.0,0.0,5.0,5.0,0.0,0.0
271159,1cde93aa0716be039d00b343355852954f0d1d0d999510f6c3be3435e2967d65,0,0,heldout_patient_fold,aa2d72a2538f26976441e6d52c8c11ca964533e55b3978b8345a70a019d52638,ea81da4d34ee1570c8dd3460a4e44f8f247a0ba0f55b701dbf5093d392e32021,0;0.018341064;0.011688232;0;0;0.13659668;0.025756836;0.012870789;0.021697998;0.014228821;0.070556641;0.02645874;0;0.010566711;0;0.010490417;0;0.015899658;0;0.022460938;0.014671326;0;0;0.010528564;0;0;0;0,0;1;1;0;0;1;1;1;1;1;1;1;0;1;0;1;0;3;0;1;3;0;0;1;0;0;0;0,-50.858198;-45.858014;-40.857831;-35.857648;-30.860226;-25.860043;-20.85986;-15.859677;-10.862255;-5.8620722;-0.86188903;4.1382941;9.1357158;14.135899;19.136082;24.136265;29.133687;34.13387;39.134053;44.134236;49.131658;54.131841;59.132024;64.132208;69.129629;74.129812;79.129995;84.130179,28.0,0.4736114369989082,0.1365966796875,0.070556640625,0.10357666015625,0.07787068684895833,0.056365966796875,0.015100479125976562,19.0,15.0,2.0,0.07142857142857142,1.0,1.0,0.03571428571428571,1.0,0.0,0.0,0.0,0.0,0.0,0.0,5.000183159999999,0.0,0.0,0.0
271208,d103224800bddd812d6d4cc454211dd70fee8ddd8015169acae71384d57af5a3,0,0,heldout_patient_fold,aa2d72a2538f26976441e6d52c8c11ca964533e55b3978b8345a70a019d52638,ea81da4d34ee1570c8dd3460a4e44f8f247a0ba0f55b701dbf5093d392e32021,0;0;0;0;0.024993896;0.037597656;0;0;0.04486084;0.026351929;0;0;0;0.16027832;0.12854004;0.02645874;0;0.010131836;0;0;0;0;0;0;0;0;0;0.014839172;0;0;0.03918457;0;0;0;0;0,0;0;0;0;1;1;0;0;1;1;0;0;0;3;5;2;0;1;0;0;0;0;0;0;0;0;0;1;0;0;1;0;0;0;0;0,-41.044407;-36.043942;-31.044466;-26.044002;-21.044526;-16.044061;-11.044585;-6.04412;-1.0446441;3.9558208;8.9552967;13.955762;18.955237;23.955702;28.955178;33.955643;38.955119;43.955584;48.95506;53.955525;58.955001;63.955465;68.954941;73.955406;78.954882;83.955347;88.954823;93.955288;98.954764;103.95523;108.9547;113.95517;118.95465;123.95511;128.95459;133.95505,36.0,0.5914219679998496,0.1602783203125,0.1285400390625,0.1444091796875,0.11122639973958333,0.08209228515625,0.014256583319769965,17.0,10.0,2.0,0.05555555555555555,2.0,2.0,0.05555555555555555,2.0,0.0,0.0,0.0,0.0,0.0,0.0,5.000464895999983,4.9994758799999985,0.0,0.0
271313,37aeefb95d856cf81d18642c39b56ae8ddbe6c7929cee040bc246dc20208008c,0,0,heldout_patient_fold,aa2d72a2538f26976441e6d52c8c11ca964533e55b3978b8345a70a019d52638,ea81da4d34ee1570c8dd3460a4e44f8f247a0ba0f55b701dbf5093d392e32021,0;0.03994751;0.067810059;0.011779785;0;0;0;0;0;0;0;0.01146698;0;0;0;0;0.010986328;0;0;0;0.010055542;0;0;0.03918457;0;0;0;0.0703125;0.036499023;0.1116333;0.036224365;0.080383301;0.059875488;0.072387695;0;0,0;1;1;1;0;0;0;0;0;0;0;1;0;0;0;0;1;0;0;0;1;0;0;1;0;0;0;5;3;2;4;2;1;1;0;0,-76.026499;-71.026936;-66.026417;-61.026855;-56.026336;-51.026773;-46.026254;-41.026692;-40.165061;-36.026173;-35.165499;-31.02661;-30.16498;-26.026092;-25.165417;-21.026529;-16.02601;-11.026448;-6.0259289;-1.0263663;3.9741525;8.9737151;13.974234;18.973796;23.974315;28.973878;33.974397;38.973959;43.974478;48.974041;53.974559;58.974122;63.974641;68.974203;73.974722;78.974285,36.0,0.5946980720000283,0.11163330078125,0.08038330078125,0.09600830078125,0.088134765625,0.08050537109375,0.01829295688205295,25.0,14.0,6.0,0.16666666666666666,3.0,1.0,0.027777777777777776,1.0,0.0,0.0,0.0,0.0,0.0,0.0,4.999562540000001,0.0,0.0,0.0
271335,256341a239f09350f7ed9b0078648d60d2f4216c601ce75aaa0d89adc948c845,0,0,heldout_patient_fold,aa2d72a2538f26976441e6d52c8c11ca964533e55b3978b8345a70a019d52638,ea81da4d34ee1570c8dd3460a4e44f8f247a0ba0f55b701dbf5093d392e32021,0.018127441;0;0;0;0;0;0;0;0;0;0;0;0;0;0;0;0;0.015075684;0;0;0;0;0;0.010856628;0.044525146;0.010406494;0;0;0;0;0;0,1;0;0;0;0;0;0;0;0;0;0;0;0;0;0;0;0;1;0;0;0;0;0;1;2;1;0;0;0;0;0;0,-10.75;-5.75;-0.75;4.25;9.25;14.25;19.25;24.25;29.25;34.25;39.25;44.25;49.25;54.25;59.25;64.25;69.25;74.25;79.25;84.25;89.25;94.25;99.25;104.25;109.25;114.25;119.25;124.25;129.25;134.25;139.25;144.25,32.0,0.522027398001228,0.044525146484375,0.01812744140625,0.0313262939453125,0.025909423828125,0.01979827880859375,0.0030934810638427734,6.0,5.0,0.0,0.0,0.0,0.0,0.0,0.0,0.0,0.0,0.0,0.0,0.0,0.0,5.0,0.0,0.0,0.0
271508,637c30082a0b2c420dfc43cfd406660ba5bbfcf11a3dbc7776fb6836756fc385,0,0,heldout_patient_fold,aa2d72a2538f26976441e6d52c8c11ca964533e55b3978b8345a70a019d52638,ea81da4d34ee1570c8dd3460a4e44f8f247a0ba0f55b701dbf5093d392e32021,0;0;0;0;0;0;0;0.011917114;0.029418945;0;0.037902832;0;0;0;0;0;0;0;0.010650635;0;0;0;0;0;0;0;0;0;0;0,0;0;0;0;0;0;0;1;2;0;1;0;0;0;0;0;0;0;1;0;0;0;0;0;0;0;0;0;0;0,626.22164;631.22165;636.21573;641.21574;646.20977;651.20978;656.2038;661.20381;666.19784;671.19784;676.19187;681.19188;686.18596;691.18597;696.18;701.18001;706.17409;711.1741;716.16807;721.16807;726.16216;731.16217;736.15613;741.15614;746.15023;751.15024;756.14432;761.14433;766.1383;771.1383,30.0,0.4969409490004182,0.03790283203125,0.0294189453125,0.033660888671875,0.0264129638671875,0.0179779052734375,0.0029963175455729168,5.0,4.0,0.0,0.0,0.0,0.0,0.0,0.0,0.0,0.0,0.0,0.0,0.0,0.0,5.000007618553013,0.0,0.0,0.0
271623,95fd74c952aa692b87ab414ebf818ecc073eb43b1ea0ddb7f062393ac6f4eb8c,1,0,heldout_patient_fold,aa2d72a2538f26976441e6d52c8c11ca964533e55b3978b8345a70a019d52638,ea81da4d34ee1570c8dd3460a4e44f8f247a0ba0f55b701dbf5093d392e32021,0.011779785;0.13208008;0.019714355;0.018127441;0;0;0.016586304;0;0;0;0;0;0;0;0.013069153;0.015960693;0;0;0;0;0;0;0;0.01411438;0;0;0.01890564;0.041778564;0.018264771;0.015365601;0;0;0;0;0,2;3;3;1;0;0;1;0;0;0;0;0;0;0;1;1;0;0;0;0;0;0;0;1;0;0;1;2;1;2;0;0;0;0;0,-274.30005;-269.30005;-264.30005;-259.30005;-254.30005;-249.30005;-244.30005;-239.30005;-234.30005;-229.30005;-224.30005;-219.30005;-214.30005;-209.30005;-204.30005;-199.30005;-194.30005;-189.30005;-184.30005;-179.30005;-174.30005;-169.30005;-164.30005;-159.30005;-154.30005;-149.30005;-144.30005;-139.30005;-134.30005;-129.30005;-124.30005;-119.30005;-114.30005;-109.30005;-104.30005,35.0,0.5869090480009618,0.132080078125,0.041778564453125,0.0869293212890625,0.06452433268229167,0.046148681640625,0.009592764718191964,19.0,12.0,1.0,0.02857142857142857,1.0,1.0,0.02857142857142857,1.0,0.0,0.0,0.0,0.0,0.0,0.0,5.0,0.0,0.0,0.0
271686,e51544c450893a7be1d0178b08f7ca9c99685006b37ba0841559f5995ad181b2,0,0,heldout_patient_fold,aa2d72a2538f26976441e6d52c8c11ca964533e55b3978b8345a70a019d52638,ea81da4d34ee1570c8dd3460a4e44f8f247a0ba0f55b701dbf5093d392e32021,0;0.015426636;0.012573242;0;0.039642334;0;0;0;0.028869629;0.014785767;0;0;0;0.013328552;0;0;0;0;0;0;0;0;0;0;0.012672424;0.29418945;0.16662598;0.071594238;0.012969971;0.047088623;0;0.019790649;0.060089111;0.016281128,0;1;1;0;1;0;0;0;1;1;0;0;0;1;0;0;0;0;0;0;0;0;0;0;1;3;2;1;2;1;0;1;1;1,-2.444518;2.555482;7.555482;12.555482;17.555481;22.555481;27.555481;32.555481;37.555481;42.555481;47.555481;52.555481;57.555481;62.555481;67.555481;72.555481;77.555481;82.555481;87.555481;92.555481;97.555481;102.55548;107.55548;112.55548;117.55548;122.55548;127.55548;132.55548;137.55548;142.55548;147.55548;152.55548;157.55548;162.55548,34.0,0.5672706450004625,0.294189453125,0.1666259765625,0.23040771484375,0.17746988932291666,0.12791748046875,0.0242919921875,19.0,15.0,4.0,0.11764705882352941,3.0,2.0,0.058823529411764705,2.0,0.0,0.0,0.0,0.0,0.0,0.0,5.0,5.0,0.0,0.0
271912,110ec596f9ba448ad8d35a05eed254e00a1a6fc00ebf2bba8b562c58564068b7,1,0,heldout_patient_fold,aa2d72a2538f26976441e6d52c8c11ca964533e55b3978b8345a70a019d52638,ea81da4d34ee1570c8dd3460a4e44f8f247a0ba0f55b701dbf5093d392e32021,0;0;0;0;0.011375427;0;0;0.012237549;0.1217041;0.3684082;0.16455078;0.010055542;0.016845703;0;0;0;0;0.010734558;0;0;0.011779785;0.018768311;0.014175415;0.014282227;0;0;0;0;0;0,0;0;0;0;1;0;0;1;5;5;8;1;2;0;0;0;0;1;0;0;1;1;1;1;0;0;0;0;0;0,122.55787;127.56901;132.55184;137.56299;142.54594;147.55708;152.53991;157.55105;162.53401;167.54515;172.5281;177.53924;182.52207;187.53322;192.51617;197.52731;202.51014;207.52128;212.50424;217.51538;222.49833;227.50947;232.4923;237.50345;242.4864;247.49754;252.48037;257.49151;262.47447;267.48561,30.0,0.5048640989989508,0.368408203125,0.16455078125,0.2664794921875,0.21822102864583334,0.138055419921875,0.025830586751302082,28.0,12.0,3.0,0.1,3.0,3.0,0.1,3.0,1.0,0.03333333333333333,1.0,0.0,0.0,0.0,5.011140791713274,9.994092551994868,0.0,0.0
272221,e63f1c09a268cdfc2d5cc0c1aff79f0ee820c20bbd0fdd6bf11d3bb3086c4965,0,0,heldout_patient_fold,aa2d72a2538f26976441e6d52c8c11ca964533e55b3978b8345a70a019d52638,ea81da4d34ee1570c8dd3460a4e44f8f247a0ba0f55b701dbf5093d392e32021,0;0;0;0;0;0;0;0;0.046020508;0;0.049407959;0.50976562;0.026153564;0.022537231;0;0;0;0;0;0;0.014953613;0;0.040527344;0.039794922;0.018829346;0.3737793;0.16137695;0.019271851;0;0;0;0,0;0;0;0;0;0;0;0;1;0;3;2;1;1;0;0;0;0;0;0;1;0;1;1;1;5;3;1;0;0;0;0,133.73609;138.73612;143.69681;148.69684;153.65753;158.65756;163.6183;168.61833;173.57902;178.57905;183.5398;188.53983;193.50052;198.50055;203.46135;208.46127;213.42207;218.42199;223.38279;228.3827;233.34351;238.34342;243.30434;248.30426;253.26506;258.26498;263.22578;268.2257;273.1865;278.18641;283.14722;288.14713,32.0,0.5342168130009668,0.509765625,0.373779296875,0.4417724609375,0.3483072916666667,0.228070068359375,0.04132556915283203,21.0,12.0,3.0,0.09375,2.0,3.0,0.09375,2.0,2.0,0.0625,1.0,1.0,0.03125,1.0,4.999916497816741,4.960801792467635,0.0,0.0
272271,4998a2c41f2a938c71d781405c2c44f41779ec3526f3506fd067cffde0f3627d,0,0,heldout_patient_fold,aa2d72a2538f26976441e6d52c8c11ca964533e55b3978b8345a70a019d52638,ea81da4d34ee1570c8dd3460a4e44f8f247a0ba0f55b701dbf5093d392e32021,0;0.03817749;0;0;0;0;0;0.024520874;0;0;0;0;0.065612793;0;0;0;0;0;0.010528564;0;0;0;0.01374054;0.050323486;0.034881592;0.11999512;0.017242432;0.063232422;0.012771606;0;0;0,0;1;0;0;0;0;0;1;0;0;0;0;1;0;0;0;0;0;1;0;0;0;1;2;2;3;2;2;2;0;0;0,-93.717104;-88.717081;-83.759464;-78.759441;-73.801823;-68.801801;-63.844183;-58.844161;-53.886544;-48.886522;-43.928876;-38.928854;-33.971236;-28.971214;-24.013596;-19.013574;-14.055956;-9.055934;-4.0983161;0.90170595;5.8593517;10.859346;15.817006;20.817;25.774645;30.77464;35.732299;40.732293;45.689939;50.689933;55.647579;60.647573,32.0,0.5302544070000295,0.1199951171875,0.06561279296875,0.092803955078125,0.08294677734375,0.06746826171875,0.01409459114074707,18.0,11.0,4.0,0.125,1.0,1.0,0.03125,1.0,0.0,0.0,0.0,0.0,0.0,0.0,4.999994162089152,0.0,0.0,0.0
272468,7facd4e93ae61bc02911e743d0f94711513379e486c254b5981725d360a70d1b,0,0,heldout_patient_fold,aa2d72a2538f26976441e6d52c8c11ca964533e55b3978b8345a70a019d52638,ea81da4d34ee1570c8dd3460a4e44f8f247a0ba0f55b701dbf5093d392e32021,0;0.029418945;0.015960693;0.13293457;0;0;0;0;0;0;0;0;0;0;0;0;0;0;0;0;0;0;0;0;0;0.024230957;0.04385376;0.019866943;0;0;0;0;0;0;0;0,0;2;2;2;0;0;0;0;0;0;0;0;0;0;0;0;0;0;0;0;0;0;0;0;0;2;3;2;0;0;0;0;0;0;0;0,64.599976;69.599976;74.599976;79.599976;84.599976;89.599976;94.599976;99.599976;104.59998;109.59998;114.59998;119.59998;124.59998;129.59998;134.59998;139.59998;144.59998;149.59998;154.59998;159.59998;164.59998;169.59998;174.59998;179.59998;184.59998;189.59998;194.59998;199.59998;204.59998;209.59998;214.59998;219.59998;224.59998;229.59998;234.59998;239.59998,36.0,0.5932012089997443,0.1329345703125,0.043853759765625,0.0883941650390625,0.06873575846354167,0.05006103515625,0.007396274142795139,13.0,6.0,1.0,0.027777777777777776,1.0,1.0,0.027777777777777776,1.0,0.0,0.0,0.0,0.0,0.0,0.0,5.0,0.0,0.0,0.0
272528,8021fd1fe9a067d4aec4859ab18f2a985d22eab8e7ae8683f2287e783bef0b32,1,0,heldout_patient_fold,aa2d72a2538f26976441e6d52c8c11ca964533e55b3978b8345a70a019d52638,ea81da4d34ee1570c8dd3460a4e44f8f247a0ba0f55b701dbf5093d392e32021,0;0.016281128;0.012626648;0;0;0;0.011070251;0;0;0.057495117;0.053009033;0.10742188;0.081787109;0.26293945;0.10522461;0.79296875;0.62255859;0.90966797;0.66894531;0.41308594;0.078063965;0;0.034759521;0;0.030105591;0;0;0;0;0;0;0,0;2;1;0;0;0;1;0;0;3;2;2;3;3;2;2;3;4;2;5;3;0;2;0;4;0;0;0;0;0;0;0,4.141379;9.1408715;14.141338;19.140831;24.140323;29.139816;34.140283;39.139775;44.139268;49.13876;54.139227;59.138719;64.138212;69.137704;74.138171;79.137664;84.137156;89.136648;94.137115;99.136608;104.1361;109.13559;114.13606;119.13555;124.13504;129.13454;134.135;139.1345;144.13399;149.13348;154.13395;159.13344,32.0,0.5309814639986143,0.90966796875,0.79296875,0.851318359375,0.79052734375,0.6814453125,0.13306283950805664,44.0,17.0,12.0,0.375,12.0,8.0,0.25,7.0,5.0,0.15625,5.0,4.0,0.125,4.0,4.999492470000007,29.998903559999988,19.99894424999998,14.999451779999987
272645,5e16ece0af22d218a15094477318ad741cbbd6bb3da62f99b26acb39bc7d9a57,0,0,heldout_patient_fold,aa2d72a2538f26976441e6d52c8c11ca964533e55b3978b8345a70a019d52638,ea81da4d34ee1570c8dd3460a4e44f8f247a0ba0f55b701dbf5093d392e32021,0;0;0;0;0;0;0;0;0.026351929;0;0.015014648;0;0.013069153;0.023956299;0.011550903;0;0.042877197;0.019424438;0;0;0.15405273;0.010009766;0;0;0;0;0;0;0;0.01272583;0;0;0;0;0.11517334;0.26733398;0.37207031;0;0;0.031021118;0.010902405;0;0;0;0;0,0;0;0;0;0;0;0;0;1;0;1;0;1;3;1;0;3;1;0;0;1;1;0;0;0;0;0;0;0;1;0;0;0;0;2;2;2;0;0;1;1;0;0;0;0;0,-2.492074;2.507926;7.507926;12.507926;17.507927;22.507927;27.507927;32.507927;37.507927;42.507927;47.507927;52.507927;57.507927;62.507927;67.507927;72.507927;77.507927;82.507927;87.507927;92.507927;97.507927;102.50793;107.50793;112.50793;117.50793;122.50793;127.50794;132.50794;137.50794;142.50794;147.50794;152.50794;157.50794;162.50794;167.50794;172.50794;177.50794;182.50794;187.50794;192.50794;197.50794;202.50794;207.50794;212.50794;217.50794;222.50794,46.0,0.7608068779991299,0.3720703125,0.267333984375,0.3197021484375,0.2644856770833333,0.190301513671875,0.024468131687330162,22.0,15.0,4.0,0.08695652173913043,3.0,4.0,0.08695652173913043,3.0,1.0,0.021739130434782608,1.0,0.0,0.0,0.0,5.0,10.0,0.0,0.0
2840,768963,0,0,heldout_patient_fold,aa2d72a2538f26976441e6d52c8c11ca964533e55b3978b8345a70a019d52638,ea81da4d34ee1570c8dd3460a4e44f8f247a0ba0f55b701dbf5093d392e32021,0;0;0;0.015487671;0;0;0.026657104;0;0;0;0;0;0.017181396;0.040527344;0.1217041;0,0;0;0;1;0;0;1;0;0;0;0;0;1;2;4;0,-549.00064;-540.99469;-532.99845;-524.9925;-517.6431;-509.63725;-501.6411;-493.63506;-486.28566;-478.27971;-470.28366;-462.27762;-454.92822;-446.92227;-438.92622;-430.92018,16.0,0.40457033200073056,0.1217041015625,0.04052734375,0.08111572265625,0.06296284993489583,0.0443115234375,0.01384735107421875,9.0,5.0,1.0,0.0625,1.0,1.0,0.0625,1.0,0.0,0.0,0.0,0.0,0.0,0.0,8.00584840800002,0.0,0.0,0.0
2910,769210,0,0,heldout_patient_fold,aa2d72a2538f26976441e6d52c8c11ca964533e55b3978b8345a70a019d52638,ea81da4d34ee1570c8dd3460a4e44f8f247a0ba0f55b701dbf5093d392e32021,0;0;0;0.031860352;0.061645508;0.025268555;0.015304565;0.013534546;0;0;0;0.012924194;0.011070251;0;0;0,0;0;0;2;3;2;3;1;0;0;0;1;1;0;0;0,-567.04791;-559.04653;-551.04525;-543.04377;-535.35927;-527.35789;-519.35651;-511.35513;-503.67063;-495.66925;-487.66787;-479.66649;-471.98199;-463.98061;-455.97923;-447.97785,16.0,0.4068844169996737,0.0616455078125,0.0318603515625,0.0467529296875,0.039591471354166664,0.029522705078125,0.01072549819946289,13.0,7.0,1.0,0.0625,1.0,0.0,0.0,0.0,0.0,0.0,0.0,0.0,0.0,0.0,8.001381600000002,0.0,0.0,0.0
2913,769213,0,0,heldout_patient_fold,aa2d72a2538f26976441e6d52c8c11ca964533e55b3978b8345a70a019d52638,ea81da4d34ee1570c8dd3460a4e44f8f247a0ba0f55b701dbf5093d392e32021,0;0;0;0;0;0.023605347;0.011161804;0;0;0.034088135;0;0.065612793;0;0.13989258;0.19311523;0,0;0;0;0;0;3;1;0;0;2;0;2;0;4;2;0,-613;-605;-597;-589;-581;-573;-565;-557;-549;-541;-533;-525;-517;-509;-501;-493,16.0,0.40175292400090257,0.193115234375,0.139892578125,0.16650390625,0.13287353515625,0.0912628173828125,0.029217243194580078,14.0,6.0,3.0,0.1875,2.0,2.0,0.125,2.0,0.0,0.0,0.0,0.0,0.0,0.0,8.0,8.0,0.0,0.0
2947,769338,0,0,heldout_patient_fold,aa2d72a2538f26976441e6d52c8c11ca964533e55b3978b8345a70a019d52638,ea81da4d34ee1570c8dd3460a4e44f8f247a0ba0f55b701dbf5093d392e32021,0;0;0;0;0;0;0;0;0.010055542;0.014953613;0.10595703;0.020645142;0;0;0;0,0;0;0;0;0;0;0;0;1;3;1;2;0;0;0;0,-562.71944;-554.71349;-546.71734;-538.7114;-531.362;-523.35605;-515.3599;-507.35396;-500.00456;-491.99851;-484.00246;-475.99652;-468.64712;-460.64107;-452.64502;-444.63908,16.0,0.40224070100157405,0.10595703125,0.0206451416015625,0.06330108642578125,0.047185262044270836,0.030322265625,0.0094757080078125,7.0,4.0,1.0,0.0625,1.0,1.0,0.0625,1.0,0.0,0.0,0.0,0.0,0.0,0.0,8.00594639999997,0.0,0.0,0.0
3053,770488,0,0,heldout_patient_fold,aa2d72a2538f26976441e6d52c8c11ca964533e55b3978b8345a70a019d52638,ea81da4d34ee1570c8dd3460a4e44f8f247a0ba0f55b701dbf5093d392e32021,0;0;0;0.014389038;0.054595947;0.18835449;0;0.081542969;0;0;0.017105103;0.012481689;0.023696899;0;0;0,0;0;0;1;1;1;0;1;0;0;3;1;1;0;0;0,-541;-533;-525;-517;-509;-501;-493;-485;-477;-469;-461;-453;-445;-437;-429;-421,16.0,0.4071689520005748,0.1883544921875,0.08154296875,0.13494873046875,0.10816446940104167,0.07305908203125,0.02451038360595703,9.0,7.0,3.0,0.1875,2.0,1.0,0.0625,1.0,0.0,0.0,0.0,0.0,0.0,0.0,8.0,0.0,0.0,0.0
3084,770646,0,0,heldout_patient_fold,aa2d72a2538f26976441e6d52c8c11ca964533e55b3978b8345a70a019d52638,ea81da4d34ee1570c8dd3460a4e44f8f247a0ba0f55b701dbf5093d392e32021,0;0.015190125;0;0;0.022979736;0.19934082;0.10302734;0;0;0.055603027;0;0.13391113;0.03918457;0;0;0,0;1;0;0;2;2;2;0;0;1;0;1;2;0;0;0,-642.03245;-634.02657;-626.03063;-618.02474;-610.20781;-602.20193;-594.20599;-586.2001;-578.38317;-570.37729;-562.38135;-554.37546;-546.55853;-538.55265;-530.55671;-522.55082,16.0,0.3995672880009806,0.1993408203125,0.1339111328125,0.1666259765625,0.14542643229166666,0.10621337890625,0.03557729721069336,11.0,7.0,4.0,0.25,2.0,3.0,0.1875,2.0,0.0,0.0,0.0,0.0,0.0,0.0,8.005885999999919,7.995940800000085,0.0,0.0
3796,774302,1,0,heldout_patient_fold,aa2d72a2538f26976441e6d52c8c11ca964533e55b3978b8345a70a019d52638,ea81da4d34ee1570c8dd3460a4e44f8f247a0ba0f55b701dbf5093d392e32021,0.011734009;0;0;0.016586304;0.14611816;0.12939453;0.020797729;0.011688232;0.1895752;0.038909912;0.072631836;0.017303467;0.042572021;0.039489746;0;0,1;0;0;3;4;3;2;1;2;3;1;2;2;1;0;0,-538.82514;-530.82366;-522.82238;-514.82099;-507.1364;-499.13502;-491.13364;-483.13225;-475.44776;-467.44638;-459.445;-451.44361;-443.75912;-435.75774;-427.75636;-419.75497,16.0,0.40928655400057323,0.1895751953125,0.1461181640625,0.1678466796875,0.155029296875,0.116058349609375,0.046050071716308594,25.0,12.0,4.0,0.25,2.0,3.0,0.1875,2.0,0.0,0.0,0.0,0.0,0.0,0.0,8.001381600000002,8.001381599999945,0.0,0.0
556,158377,0,0,heldout_patient_fold,aa2d72a2538f26976441e6d52c8c11ca964533e55b3978b8345a70a019d52638,ea81da4d34ee1570c8dd3460a4e44f8f247a0ba0f55b701dbf5093d392e32021,0;0.011116028;0;0;0.011825562;0;0;0;0;0.028549194;0.020645142;0;0.011825562;0;0;0.012924194,0;1;0;0;1;0;0;0;0;2;1;0;1;0;0;1,-573.5;-565.5;-557.5;-549.5;-541.5;-533.5;-525.5;-517.5;-509.5;-501.5;-493.5;-485.5;-477.5;-469.5;-461.5;-453.5,16.0,0.3997847289992933,0.0285491943359375,0.0206451416015625,0.02459716796875,0.0207061767578125,0.0171539306640625,0.006055355072021484,7.0,6.0,0.0,0.0,0.0,0.0,0.0,0.0,0.0,0.0,0.0,0.0,0.0,0.0,8.0,0.0,0.0,0.0
6353,848179,0,0,heldout_patient_fold,aa2d72a2538f26976441e6d52c8c11ca964533e55b3978b8345a70a019d52638,ea81da4d34ee1570c8dd3460a4e44f8f247a0ba0f55b701dbf5093d392e32021,0;0;0;0.34326172;0.16882324;0.11437988;0.11633301;0.086914062;0.23510742;0.036224365;0.011779785;0.10089111;0.39038086;0;0;0.019561768,0;0;0;2;4;3;5;1;1;1;3;4;8;0;0;1,-510.35801;-502.35969;-494.35167;-486.35335;-479.92419;-471.92577;-463.91785;-455.91943;-449.49027;-441.49185;-433.48393;-425.48551;-419.05635;-411.05793;-403.05001;-395.05159,16.0,0.406724882999697,0.390380859375,0.34326171875,0.3668212890625,0.3229166666666667,0.25078125,0.10147857666015625,33.0,11.0,8.0,0.5,6.0,7.0,0.4375,4.0,2.0,0.125,1.0,0.0,0.0,0.0,7.998414599999933,22.435505400000068,0.0,0.0
663,193532,0,0,heldout_patient_fold,aa2d72a2538f26976441e6d52c8c11ca964533e55b3978b8345a70a019d52638,ea81da4d34ee1570c8dd3460a4e44f8f247a0ba0f55b701dbf5093d392e32021,0;0;0;0.026260376;0;0;0.023696899;0;0.056640625;0;0.037475586;0.02696228;0.076660156;0.074768066;0.010055542;0.067565918;0.075561523;0.01751709;0;0.078613281;0.053405762;0.041320801;0.019866943;0.076660156;0.019790649;0;0.014389038;0;0;0;0;0,0;0;0;1;0;0;1;0;2;0;2;3;3;2;1;1;1;2;0;3;3;3;4;4;1;0;1;0;0;0;0;0,36.222358;41.052008;45.881658;50.711308;55.540958;60.370608;65.200258;70.029328;74.858978;79.688628;84.518278;89.347928;94.177578;99.007228;103.83688;108.66653;113.49618;118.32583;123.15548;127.98513;132.81478;137.64443;142.47408;147.30373;152.13338;156.96303;161.79268;166.62233;171.45198;176.28163;181.11128;185.94093,32.0,0.5373699990013847,0.07861328125,0.07666015625,0.07763671875,0.07731119791666667,0.07645263671875,0.02491283416748047,38.0,18.0,8.0,0.25,2.0,0.0,0.0,0.0,0.0,0.0,0.0,0.0,0.0,0.0,4.829650000000001,0.0,0.0,0.0
6665,850340,0,0,heldout_patient_fold,aa2d72a2538f26976441e6d52c8c11ca964533e55b3978b8345a70a019d52638,ea81da4d34ee1570c8dd3460a4e44f8f247a0ba0f55b701dbf5093d392e32021,0.010055542;0;0;0;0.044525146;0;0;0;0;0;0;0;0.026855469;0.035949707;0;0.030792236,1;0;0;0;3;0;0;0;0;0;0;0;2;1;0;2,-562.5;-554.5;-546.5;-538.5;-530.5;-522.5;-514.5;-506.5;-498.5;-490.5;-482.5;-474.5;-466.5;-458.5;-450.5;-442.5,16.0,0.39930258500135096,0.044525146484375,0.03594970703125,0.0402374267578125,0.037089029947916664,0.0296356201171875,0.009261131286621094,9.0,5.0,0.0,0.0,0.0,0.0,0.0,0.0,0.0,0.0,0.0,0.0,0.0,0.0,8.0,0.0,0.0,0.0
673,197290,0,0,heldout_patient_fold,aa2d72a2538f26976441e6d52c8c11ca964533e55b3978b8345a70a019d52638,ea81da4d34ee1570c8dd3460a4e44f8f247a0ba0f55b701dbf5093d392e32021,0.010093689;0.014007568;0;0;0;0;0;0;0;0;0;0;0;0;0;0;0;0;0;0;0;0;0;0;0;0;0;0;0;0;0;0;0;0;0;0,1;1;0;0;0;0;0;0;0;0;0;0;0;0;0;0;0;0;0;0;0;0;0;0;0;0;0;0;0;0;0;0;0;0;0;0,209.90437;213.80957;217.71477;221.61997;225.52517;229.43037;233.33557;237.24077;241.14597;245.05117;248.95637;252.86157;256.76677;260.67197;264.57717;268.48237;272.38757;276.29277;280.19797;284.10317;288.00837;291.91357;295.81877;299.72397;303.62917;307.53437;311.43957;315.34477;319.24997;323.15517;327.06037;330.96557;334.87077;338.77597;342.68117;346.58637,36.0,0.5986508499991032,0.014007568359375,0.01009368896484375,0.012050628662109375,0.00803375244140625,0.00482025146484375,0.0006694793701171875,2.0,2.0,0.0,0.0,0.0,0.0,0.0,0.0,0.0,0.0,0.0,0.0,0.0,0.0,3.9051999999999794,0.0,0.0,0.0
6746,850685,0,0,heldout_patient_fold,aa2d72a2538f26976441e6d52c8c11ca964533e55b3978b8345a70a019d52638,ea81da4d34ee1570c8dd3460a4e44f8f247a0ba0f55b701dbf5093d392e32021,0.017990112;0;0.010009766;0;0.022796631;0.011779785;0;0.049957275;0;0.032348633;0.020568848;0.027267456;0.043518066;0.05480957;0;0.024230957,1;0;1;0;1;1;0;1;0;2;3;1;3;3;0;1,148.23333;156.23025;164.22717;172.22409;179.21413;187.21105;195.20797;203.20489;210.19493;218.19185;226.18877;234.18569;241.17573;249.17265;257.16957;265.16649,16.0,0.40546527999867976,0.0548095703125,0.049957275390625,0.0523834228515625,0.049428304036458336,0.0415802001953125,0.019704818725585938,18.0,11.0,1.0,0.0625,1.0,0.0,0.0,0.0,0.0,0.0,0.0,0.0,0.0,0.0,7.996918999999991,0.0,0.0,0.0
6804,851006,0,0,heldout_patient_fold,aa2d72a2538f26976441e6d52c8c11ca964533e55b3978b8345a70a019d52638,ea81da4d34ee1570c8dd3460a4e44f8f247a0ba0f55b701dbf5093d392e32021,0;0;0;0.010650635;0;0.080932617;0;0;0.021942139;0.012336731;0.07208252;0.17492676;0.14562988;0.017990112;0.024230957;0,0;0;0;1;0;1;0;0;2;1;2;4;1;1;1;0,148.29611;156.29606;164.29601;172.29597;180.05771;188.05766;196.05761;204.05757;211.81931;219.81926;227.81921;235.81917;243.58091;251.58086;259.58081;267.58077,16.0,0.4014167509994877,0.1749267578125,0.1456298828125,0.1602783203125,0.13382975260416666,0.099560546875,0.03504514694213867,14.0,9.0,4.0,0.25,3.0,2.0,0.125,2.0,0.0,0.0,0.0,0.0,0.0,0.0,7.999953000000005,7.761740999999972,0.0,0.0
6995,852256,0,0,heldout_patient_fold,aa2d72a2538f26976441e6d52c8c11ca964533e55b3978b8345a70a019d52638,ea81da4d34ee1570c8dd3460a4e44f8f247a0ba0f55b701dbf5093d392e32021,0.011550903;0;0.022369385;0.020248413;0;0;0;0;0;0;0;0.019714355;0;0;0;0,1;0;1;1;0;0;0;0;0;0;0;1;0;0;0;0,-157.14606;-149.14563;-141.14519;-133.14476;-125.22414;-117.22371;-109.22327;-101.22288;-93.302257;-85.301826;-77.301395;-69.300964;-61.380337;-53.379906;-45.379475;-37.379044,16.0,0.4058010109984025,0.022369384765625,0.0202484130859375,0.02130889892578125,0.020777384440104168,0.014776611328125,0.0046176910400390625,4.0,4.0,0.0,0.0,0.0,0.0,0.0,0.0,0.0,0.0,0.0,0.0,0.0,0.0,8.000431199999994,0.0,0.0,0.0
7006,852382,0,0,heldout_patient_fold,aa2d72a2538f26976441e6d52c8c11ca964533e55b3978b8345a70a019d52638,ea81da4d34ee1570c8dd3460a4e44f8f247a0ba0f55b701dbf5093d392e32021,0;0;0;0;0.023147583;0.042877197;0.021530151;0;0;0.097412109;0.15771484;0.058135986;0.05645752;0.10125732;0.044677734;0;0;0;0;0,0;0;0;0;2;2;2;0;0;4;5;1;5;5;7;0;0;0;0;0,-460.58197;-452.58119;-444.58975;-436.58897;-430.70741;-422.70663;-414.71519;-406.71441;-400.83285;-392.83207;-384.84063;-376.83985;-370.95829;-362.95751;-354.96607;-346.96529;-341.08373;-333.08295;-325.09151;-317.09073,20.0,0.5113056730006065,0.15771484375,0.10125732421875,0.129486083984375,0.11879475911458333,0.094195556640625,0.0301605224609375,33.0,9.0,5.0,0.25,5.0,2.0,0.1,1.0,0.0,0.0,0.0,0.0,0.0,0.0,8.000780599999985,0.0,0.0,0.0
704,205139,0,0,heldout_patient_fold,aa2d72a2538f26976441e6d52c8c11ca964533e55b3978b8345a70a019d52638,ea81da4d34ee1570c8dd3460a4e44f8f247a0ba0f55b701dbf5093d392e32021,0;0.014839172;0;0;0;0;0;0.011688232;0.011329651;0;0.05770874;0.10266113;0.055206299;0;0;0,0;1;0;0;0;0;0;1;1;0;6;5;2;0;0;0,-521.19833;-513.19254;-505.1966;-497.19061;-489.37379;-481.3678;-473.37196;-465.36597;-457.54915;-449.54316;-441.54732;-433.54133;-425.72451;-417.71852;-409.72268;-401.71669,16.0,0.4089442530002998,0.1026611328125,0.057708740234375,0.0801849365234375,0.07185872395833333,0.04842071533203125,0.015839576721191406,16.0,6.0,3.0,0.1875,3.0,1.0,0.0625,1.0,0.0,0.0,0.0,0.0,0.0,0.0,8.005786547999946,0.0,0.0,0.0
7045,852757,0,0,heldout_patient_fold,aa2d72a2538f26976441e6d52c8c11ca964533e55b3978b8345a70a019d52638,ea81da4d34ee1570c8dd3460a4e44f8f247a0ba0f55b701dbf5093d392e32021,0;0;0;0;0.033081055;0.066101074;0;0;0;0.015541077;0;0;0.017181396;0;0;0,0;0;0;0;1;2;0;0;0;2;0;0;2;0;0;0,-572.39473;-564.39884;-556.39327;-548.39738;-541.15313;-533.15724;-525.15167;-517.15578;-509.91163;-501.91573;-493.91007;-485.91418;-478.67003;-470.67413;-462.66847;-454.67258,16.0,0.4017548350002471,0.06610107421875,0.0330810546875,0.049591064453125,0.038787841796875,0.02638092041015625,0.008244037628173828,7.0,4.0,1.0,0.0625,1.0,0.0,0.0,0.0,0.0,0.0,0.0,0.0,0.0,0.0,7.99589700000007,0.0,0.0,0.0
7107,853068,0,0,heldout_patient_fold,aa2d72a2538f26976441e6d52c8c11ca964533e55b3978b8345a70a019d52638,ea81da4d34ee1570c8dd3460a4e44f8f247a0ba0f55b701dbf5093d392e32021,0;0;0;0;0.13757324;0;0;0.022979736;0;0.012145996;0.046386719;0.37207031;0.06854248;0;0;0,0;0;0;0;2;0;0;1;0;2;1;3;3;0;0;0,-519.11869;-511.11777;-503.12676;-495.12584;-487.39261;-479.39169;-471.40068;-463.39976;-455.66653;-447.66561;-439.6746;-431.67368;-423.94045;-415.93953;-407.94852;-399.9476,16.0,0.4004692189992056,0.3720703125,0.1375732421875,0.25482177734375,0.19272867838541666,0.129510498046875,0.04123115539550781,12.0,6.0,3.0,0.1875,2.0,2.0,0.125,1.0,1.0,0.0625,1.0,0.0,0.0,0.0,8.00092079999996,0.0,0.0,0.0
7159,853371,0,0,heldout_patient_fold,aa2d72a2538f26976441e6d52c8c11ca964533e55b3978b8345a70a019d52638,ea81da4d34ee1570c8dd3460a4e44f8f247a0ba0f55b701dbf5093d392e32021,0;0;0.016525269;0.030105591;0;0;0.019119263;0.033599854;0.026657104;0.015670776;0;0;0.017044067;0.037902832;0;0,0;0;1;1;0;0;1;5;4;2;0;0;1;1;0;0,-565.46812;-557.46161;-549.46496;-541.45845;-533.9542;-525.94769;-517.95104;-509.94453;-502.44028;-494.43377;-486.43722;-478.43061;-470.92646;-462.91985;-454.9233;-446.91669,16.0,0.4080845370008319,0.03790283203125,0.033599853515625,0.0357513427734375,0.033869425455729164,0.0294769287109375,0.012289047241210938,16.0,8.0,0.0,0.0,0.0,0.0,0.0,0.0,0.0,0.0,0.0,0.0,0.0,0.0,8.006505299999958,0.0,0.0,0.0
7248,853930,0,0,heldout_patient_fold,aa2d72a2538f26976441e6d52c8c11ca964533e55b3978b8345a70a019d52638,ea81da4d34ee1570c8dd3460a4e44f8f247a0ba0f55b701dbf5093d392e32021,0;0;0;0.15307617;0.082092285;0;0;0;0;0;0.029983521;0.074523926;0.11010742;0.13793945;0.0703125;0,0;0;0;2;1;0;0;0;0;0;1;3;2;1;2;0,-502.98606;-494.9808;-486.9855;-478.98023;-471.08462;-463.07936;-455.08406;-447.07879;-439.18318;-431.17792;-423.18262;-415.17735;-407.28174;-399.27648;-391.28118;-383.27591,16.0,0.413692940999681,0.153076171875,0.137939453125,0.1455078125,0.13370768229166666,0.1115478515625,0.04112720489501953,12.0,7.0,6.0,0.375,4.0,3.0,0.1875,2.0,0.0,0.0,0.0,0.0,0.0,0.0,8.005267600000025,8.005267600000025,0.0,0.0
7332,855265,0,0,heldout_patient_fold,aa2d72a2538f26976441e6d52c8c11ca964533e55b3978b8345a70a019d52638,ea81da4d34ee1570c8dd3460a4e44f8f247a0ba0f55b701dbf5093d392e32021,0;0;0;0.016586304;0.025756836;0;0;0;0;0;0.015190125;0.053192139;0.045349121;0.015129089;0;0.017379761,0;0;0;1;1;0;0;0;0;0;1;3;3;3;0;1,-560.88007;-552.88012;-544.88007;-536.88011;-529.11847;-521.11852;-513.11847;-505.11861;-497.35687;-489.35692;-481.35697;-473.35701;-465.59527;-457.59532;-449.59537;-441.59541,16.0,0.4068392400004086,0.053192138671875,0.04534912109375,0.0492706298828125,0.041432698567708336,0.03165283203125,0.011786460876464844,13.0,7.0,1.0,0.0625,1.0,0.0,0.0,0.0,0.0,0.0,0.0,0.0,0.0,0.0,7.999953000000005,0.0,0.0,0.0
7396,855530,0,0,heldout_patient_fold,aa2d72a2538f26976441e6d52c8c11ca964533e55b3978b8345a70a019d52638,ea81da4d34ee1570c8dd3460a4e44f8f247a0ba0f55b701dbf5093d392e32021,0;0;0;0;0.030914307;0;0;0;0.014060974;0.1550293;0.20690918;0;0.062316895;0.011116028;0.24438477;0.033843994,0;0;0;0;2;0;0;0;1;4;3;0;1;1;2;1,-566.5;-558.5;-550.5;-542.5;-534.5;-526.5;-518.5;-510.5;-502.5;-494.5;-486.5;-478.5;-470.5;-462.5;-454.5;-446.5,16.0,0.41014467000059085,0.244384765625,0.2069091796875,0.22564697265625,0.20210774739583334,0.140496826171875,0.04741096496582031,15.0,8.0,4.0,0.25,2.0,3.0,0.1875,2.0,0.0,0.0,0.0,0.0,0.0,0.0,8.0,8.0,0.0,0.0
7397,855533,0,0,heldout_patient_fold,aa2d72a2538f26976441e6d52c8c11ca964533e55b3978b8345a70a019d52638,ea81da4d34ee1570c8dd3460a4e44f8f247a0ba0f55b701dbf5093d392e32021,0;0;0.031494141;0.022979736;0.20812988;0.025085449;0;0;0;0;0;0.013633728;0.036773682;0;0.046905518;0,0;0;1;1;4;1;0;0;0;0;0;1;1;0;1;0,-560.5;-552.5;-544.5;-536.5;-528.5;-520.5;-512.5;-504.5;-496.5;-488.5;-480.5;-472.5;-464.5;-456.5;-448.5;-440.5,16.0,0.4035902730011003,0.2081298828125,0.046905517578125,0.1275177001953125,0.09726969401041667,0.069677734375,0.024062633514404297,10.0,7.0,1.0,0.0625,1.0,1.0,0.0625,1.0,0.0,0.0,0.0,0.0,0.0,0.0,8.0,0.0,0.0,0.0
7428,855665,0,0,heldout_patient_fold,aa2d72a2538f26976441e6d52c8c11ca964533e55b3978b8345a70a019d52638,ea81da4d34ee1570c8dd3460a4e44f8f247a0ba0f55b701dbf5093d392e32021,0;0;0.037750244;0;0;0.024047852;0.27050781;0;0;0.05090332;0.014900208;0.01210022;0.012336731;0;0;0,0;0;2;0;0;1;2;0;0;2;1;1;1;0;0;0,-592.24157;-584.2366;-576.24133;-568.23635;-561.19197;-553.187;-545.19173;-537.18675;-530.14237;-522.1374;-514.14222;-506.13725;-499.09277;-491.0878;-483.09262;-475.08765,16.0,0.4084259600003861,0.2705078125,0.0509033203125,0.16070556640625,0.119720458984375,0.07962188720703126,0.026409149169921875,10.0,7.0,2.0,0.125,1.0,1.0,0.0625,1.0,0.0,0.0,0.0,0.0,0.0,0.0,8.004974999999945,0.0,0.0,0.0
834,223151,0,0,heldout_patient_fold,aa2d72a2538f26976441e6d52c8c11ca964533e55b3978b8345a70a019d52638,ea81da4d34ee1570c8dd3460a4e44f8f247a0ba0f55b701dbf5093d392e32021,0;0;0;0;0;0;0.016281128;0;0;0;0.017044067;0.022369385;0;0;0;0.015190125,0;0;0;0;0;0;1;0;0;0;1;1;0;0;0;1,405;413;421;429;437;445;453;461;469;477;485;493;501;509;517;525,16.0,0.4015181760005362,0.022369384765625,0.0170440673828125,0.01970672607421875,0.018564860026041668,0.01417694091796875,0.004430294036865234,4.0,4.0,0.0,0.0,0.0,0.0,0.0,0.0,0.0,0.0,0.0,0.0,0.0,0.0,8.0,0.0,0.0,0.0
880,231909,0,0,heldout_patient_fold,aa2d72a2538f26976441e6d52c8c11ca964533e55b3978b8345a70a019d52638,ea81da4d34ee1570c8dd3460a4e44f8f247a0ba0f55b701dbf5093d392e32021,0;0.011245728;0;0;0.14904785;0.048858643;0.13293457;0.56396484;0.02696228;0.062561035;0.013793945;0;0;0.074768066;0;0,0;1;0;0;6;4;7;4;8;5;2;0;0;2;0;0,-620.12421;-612.11894;-604.12364;-596.11837;-588.22277;-580.2175;-572.2222;-564.21693;-556.32133;-548.31606;-540.32076;-532.31549;-524.41989;-516.41462;-508.41922;-500.41395,16.0,0.40693865299908794,0.56396484375,0.1490478515625,0.35650634765625,0.281982421875,0.1966552734375,0.06775856018066406,39.0,9.0,5.0,0.3125,2.0,3.0,0.1875,2.0,1.0,0.0625,1.0,1.0,0.0625,1.0,8.005267599999911,8.005267600000025,0.0,0.0
902,2380,0,0,heldout_patient_fold,aa2d72a2538f26976441e6d52c8c11ca964533e55b3978b8345a70a019d52638,ea81da4d34ee1570c8dd3460a4e44f8f247a0ba0f55b701dbf5093d392e32021,0.012145996;0;0;0;0;0.019165039;0;0;0;0;0;0;0;0;0;0;0;0;0.01763916;0.05166626;0.025375366;0;0.018188477;0;0;0.024139404;0.016845703;0.014175415;0;0.010452271;0.010948181;0;0;0,1;0;0;0;0;1;0;0;0;0;0;0;0;0;0;0;0;0;1;1;1;0;2;0;0;1;2;1;0;1;1;0;0;0,-395;-390;-385;-380;-375;-370;-365;-360;-355;-350;-345;-340;-335;-330;-325;-320;-315;-310;-305;-300;-295;-290;-285;-280;-275;-270;-265;-260;-255;-250;-245;-240;-235;-230,34.0,0.5612475079997239,0.051666259765625,0.0253753662109375,0.03852081298828125,0.033727010091145836,0.0277069091796875,0.006492390352136949,13.0,11.0,1.0,0.029411764705882353,1.0,0.0,0.0,0.0,0.0,0.0,0.0,0.0,0.0,0.0,5.0,0.0,0.0,0.0
9244,88028,1,0,heldout_patient_fold,aa2d72a2538f26976441e6d52c8c11ca964533e55b3978b8345a70a019d52638,ea81da4d34ee1570c8dd3460a4e44f8f247a0ba0f55b701dbf5093d392e32021,0;0;0;0;0;0.014335632;0;0;0;0.023513794;0;0;0.053192139;0.038024902;0.011550903;0.023330688;0.011375427;0.071350098;0.044342041;0.055206299;0.10595703;0.29663086;0.21008301;0.30322266;0.015304565;0;0;0;0,0;0;0;0;0;1;0;0;0;1;0;0;1;1;1;1;1;5;3;3;4;4;2;3;1;0;0;0;0,-405.5;-400.5;-395.5;-390.5;-385.5;-380.5;-375.5;-370.5;-365.5;-360.5;-355.5;-350.5;-345.5;-340.5;-335.5;-330.5;-325.5;-320.5;-315.5;-310.5;-305.5;-300.5;-295.5;-290.5;-285.5;-280.5;-275.5;-270.5;-265.5,29.0,0.49244083000121464,0.30322265625,0.296630859375,0.2999267578125,0.2699788411458333,0.19744873046875,0.04404896703259698,32.0,15.0,7.0,0.2413793103448276,5.0,4.0,0.13793103448275862,4.0,1.0,0.034482758620689655,1.0,0.0,0.0,0.0,5.0,15.0,0.0,0.0
9248,89348,0,0,heldout_patient_fold,aa2d72a2538f26976441e6d52c8c11ca964533e55b3978b8345a70a019d52638,ea81da4d34ee1570c8dd3460a4e44f8f247a0ba0f55b701dbf5093d392e32021,0;0;0;0;0.012237549;0;0;0;0;0.017776489;0;0;0.020019531;0;0;0.013587952;0;0;0;0;0;0;0.013168335;0.011329651;0;0.1015625;0;0;0,0;0;0;0;1;0;0;0;0;1;0;0;1;0;0;1;0;0;0;0;0;0;1;1;0;1;0;0;0,-897.03079;-892.09934;-887.16789;-882.23644;-877.30499;-872.37354;-867.44209;-862.51064;-857.57919;-852.64774;-847.71629;-842.78484;-837.85339;-832.92194;-827.99049;-823.05904;-818.12759;-813.19614;-808.26469;-803.33324;-798.40179;-793.47034;-788.53889;-783.60744;-778.67599;-773.74454;-768.81309;-763.88164;-758.95019,29.0,0.4835186620002787,0.1015625,0.02001953125,0.060791015625,0.046452840169270836,0.03322296142578125,0.006540758856411638,7.0,7.0,1.0,0.034482758620689655,1.0,1.0,0.034482758620689655,1.0,0.0,0.0,0.0,0.0,0.0,0.0,4.931450000000041,0.0,0.0,0.0
925,239067,0,0,heldout_patient_fold,aa2d72a2538f26976441e6d52c8c11ca964533e55b3978b8345a70a019d52638,ea81da4d34ee1570c8dd3460a4e44f8f247a0ba0f55b701dbf5093d392e32021,0;0;0;0;0;0;0;0;0;0;0.036224365;0.086303711;0.10668945;0.053985596;0;0.011245728;0.061187744;0.21081543;0.27661133;0.46484375;0.359375;0.3684082;0.43212891;0.26513672;0.19995117;0;0;0,0;0;0;0;0;0;0;0;0;0;1;1;1;1;0;1;2;4;5;8;9;12;6;6;3;0;0;0,-191.61494;-186.63794;-181.66094;-176.68394;-171.70694;-166.72994;-161.75294;-156.77594;-151.79894;-146.82194;-141.84494;-136.86794;-131.89094;-126.91394;-121.93694;-116.95994;-111.98294;-107.00597;-102.02897;-97.051966;-92.074966;-87.097966;-82.120966;-77.143966;-72.166966;-67.189966;-62.212966;-57.235966,28.0,0.4658436849986174,0.46484375,0.43212890625,0.448486328125,0.4217936197916667,0.3802734375,0.10474668230329241,60.0,14.0,12.0,0.42857142857142855,9.0,9.0,0.32142857142857145,8.0,4.0,0.14285714285714285,4.0,0.0,0.0,0.0,4.977000000000004,34.839,14.930999999999997,0.0
985,254978,0,0,heldout_patient_fold,aa2d72a2538f26976441e6d52c8c11ca964533e55b3978b8345a70a019d52638,ea81da4d34ee1570c8dd3460a4e44f8f247a0ba0f55b701dbf5093d392e32021,0.032592773;0.021118164;0.13391113;0.1394043;0.018615723;0;0;0;0;0;0;0;0.010131836;0;0;0;0;0.023605347;0.073425293;0.028442383;0.017181396;0.013793945;0;0;0;0;0;0;0,1;2;3;2;2;0;0;0;0;0;0;0;1;0;0;0;0;2;2;1;1;1;0;0;0;0;0;0;0,-625;-620;-615;-610;-605;-600;-595;-590;-585;-580;-575;-570;-565;-560;-555;-550;-545;-540;-535;-530;-525;-520;-515;-510;-505;-500;-495;-490;-485,29.0,0.4907741030001489,0.139404296875,0.1339111328125,0.13665771484375,0.11558024088541667,0.08155517578125,0.017662837587553878,18.0,11.0,3.0,0.10344827586206896,2.0,2.0,0.06896551724137931,2.0,0.0,0.0,0.0,0.0,0.0,0.0,5.0,5.0,0.0,0.0
995,257283,0,0,heldout_patient_fold,aa2d72a2538f26976441e6d52c8c11ca964533e55b3978b8345a70a019d52638,ea81da4d34ee1570c8dd3460a4e44f8f247a0ba0f55b701dbf5093d392e32021,0;0;0;0;0;0;0;0;0;0;0;0;0;0.012145996;0.34326172;0.047790527;0;0.023071289;0.021942139;0;0.013328552;0.11083984;0.011245728;0.12042236;0.24291992;0.014785767;0.087585449;0;0,0;0;0;0;0;0;0;0;0;0;0;0;0;1;2;1;0;3;2;0;1;2;1;5;3;1;2;0;0,-354.57918;-349.68843;-344.79768;-339.90693;-335.01618;-330.12543;-325.23468;-320.34393;-315.45318;-310.56243;-305.67168;-300.78093;-295.89018;-290.99943;-286.10868;-281.21793;-276.32718;-271.43643;-266.54568;-261.65493;-256.76418;-251.87343;-246.98268;-242.09193;-237.20118;-232.31043;-227.41968;-222.52893;-217.63818,29.0,0.49457443700157455,0.34326171875,0.242919921875,0.2930908203125,0.23553466796875,0.181005859375,0.036184113601158405,24.0,12.0,5.0,0.1724137931034483,2.0,4.0,0.13793103448275862,2.0,1.0,0.034482758620689655,1.0,0.0,0.0,0.0,4.890749999999997,4.890749999999997,0.0,0.0
