model,detector_confidence_threshold,study_probability_threshold,study_auroc,study_pr_auc,sensitivity_at_study_0_5,total_detections,matched_gt_boxes_iou_0_5,total_gt_boxes,gt_box_recall_iou_0_5,gt_positive_slices_with_any_prediction,gt_positive_slices_with_iou_0_5_match
baseline,0.001,0.5,0.7043010752688172,0.3885061086581525,0.6666666666666666,39629,42,80,0.525,56,32
pretrained,0.001,0.5,0.7526881720430108,0.4708902208902208,0.6666666666666666,1930,28,80,0.35,46,23
baseline,0.005,0.5,0.7043010752688172,0.3885061086581525,0.6666666666666666,8300,22,80,0.275,55,18
pretrained,0.005,0.5,0.7526881720430108,0.4708902208902208,0.6666666666666666,856,23,80,0.2875,38,20
baseline,0.01,0.5,0.7043010752688172,0.3885061086581525,0.6666666666666666,3955,18,80,0.225,43,15
pretrained,0.01,0.5,0.7526881720430108,0.4708902208902208,0.6666666666666666,617,23,80,0.2875,36,20
baseline,0.02,0.5,0.7043010752688172,0.3885061086581525,0.6666666666666666,2022,17,80,0.2125,35,14
pretrained,0.02,0.5,0.7526881720430108,0.4708902208902208,0.6666666666666666,438,21,80,0.2625,34,19
baseline,0.05,0.5,0.7043010752688172,0.3885061086581525,0.6666666666666666,839,16,80,0.2,28,13
pretrained,0.05,0.5,0.7526881720430108,0.4708902208902208,0.6666666666666666,262,19,80,0.2375,26,17
baseline,0.1,0.5,0.7043010752688172,0.3885061086581525,0.6666666666666666,394,12,80,0.15,24,11
pretrained,0.1,0.5,0.7338709677419355,0.4663653340123928,0.6666666666666666,179,16,80,0.2,22,15
