series_id,patient_id,y_true,fold,slice_scores,detection_counts,num_slices,study_seconds,max_confidence,second_confidence,top2_mean,top3_mean,top5_mean,mean_confidence,total_detections,detected_slices,count_ge_0_05,fraction_ge_0_05,longest_run_ge_0_05,count_ge_0_1,fraction_ge_0_1,longest_run_ge_0_1,count_ge_0_3,fraction_ge_0_3,longest_run_ge_0_3,count_ge_0_5,fraction_ge_0_5,longest_run_ge_0_5
1032,264685,0,0,0.0051994324;0;0.0011472702;0;0.0027580261;0.015602112;0.052246094;0.0021400452;0.32592773;0.0049819946;0.060974121;0.0071487427;0;0.23657227;0.16455078;0.0062904358;0.0077552795;0;0;0.0032482147;0;0.0018672943;0;0;0;0;0.0017547607;0.0037078857;0,1;0;1;0;1;2;2;2;2;2;1;3;0;2;2;1;2;0;0;3;0;1;0;0;0;0;1;1;0,29.0,3.3713314029992034,0.325927734375,0.236572265625,0.28125,0.24235026041666666,0.16805419921875,0.031168016894110317,30.0,18.0,5.0,0.1724137931034483,2.0,3.0,0.10344827586206896,2.0,1.0,0.034482758620689655,1.0,0.0,0.0,0.0
1033,264685,0,0,0.0029811859;0.014282227;0.0015611649;0.0041351318;0;0.014900208;0;0.011199951;0.0036792755;0;0.0017547607;0.0083465576;0.001824379;0;0.0074043274;0;0;0.0012788773;0;0;0;0.0032596588;0.04208374;0.28613281;0;0;0.0010566711,3;1;1;2;0;1;0;1;2;0;1;2;1;0;1;0;0;1;0;0;0;1;2;1;0;0;1,27.0,0.6596193660006975,0.2861328125,0.042083740234375,0.1641082763671875,0.11437225341796875,0.07371978759765625,0.015032626964427807,22.0,16.0,1.0,0.037037037037037035,1.0,1.0,0.037037037037037035,1.0,0.0,0.0,0.0,0.0,0.0,0.0
1164,330957,0,0,0.0023231506;0.0080337524;0.0020027161;0;0;0;0.11437988;0.24365234;0.0048294067;0.0057754517;0.038330078;0;0.0028896332;0.0020503998;0.0058670044;0.0082550049;0.037475586;0;0;0.040100098;0;0.0028114319;0.12768555;0.06439209;0.10595703;0.056243896;0.035675049;0.0021324158;0;0;0;0;0,4;3;2;0;0;0;3;3;3;2;6;0;2;2;2;3;3;0;0;1;0;2;4;2;3;3;3;2;0;0;0;0;0,33.0,0.8223145530009788,0.24365234375,0.127685546875,0.1856689453125,0.16190592447916666,0.13121337890625,0.027601877848307293,58.0,21.0,6.0,0.18181818181818182,4.0,4.0,0.12121212121212122,2.0,0.0,0.0,0.0,0.0,0.0,0.0
1734,597149,0,0,0.045013428;0.023071289;0.22265625;0.70556641;0.19934082;0.12597656;0.0012741089;0;0;0.0031719208;0;0;0;0.0010404587;0.0091247559;0,2;2;3;5;3;2;1;0;0;2;0;0;0;1;1;0,16.0,0.7579245540000557,0.70556640625,0.22265625,0.464111328125,0.3758544921875,0.259710693359375,0.0835147500038147,22.0,10.0,4.0,0.25,4.0,4.0,0.25,4.0,1.0,0.0625,1.0,1.0,0.0625,1.0
1927,686247,0,0,0;0;0.0044670105;0.0021247864;0;0.00116539;0.0087814331;0;0.083862305;0;0;0.069274902;0.0072593689;0.0023422241;0.1973877;0.097717285;0.031860352;0.051849365;0;0;0;0;0;0.0010080338;0;0,0;0;1;2;0;1;3;0;5;0;0;2;1;3;2;2;1;1;0;0;0;0;0;1;0;0,26.0,0.6157430309995107,0.1973876953125,0.09771728515625,0.147552490234375,0.12632242838541666,0.100018310546875,0.02150385196392353,25.0,13.0,5.0,0.19230769230769232,2.0,1.0,0.038461538461538464,1.0,0.0,0.0,0.0,0.0,0.0,0.0
1975,692845,0,0,0;0;0;0.0010566711;0;0.001789093;0.0054283142;0;0.012382507;0.0026836395;0.0025501251;0.02696228;0;0.033721924;0.06829834;0.0041351318;0.0014438629;0;0;0.0014781952;0.077819824;0.062805176;0.028106689;0.019271851;0.22607422;0.41870117;0;0.0016937256;0,0;0;0;1;0;1;2;0;2;1;2;2;0;2;3;2;1;0;0;1;1;5;4;2;2;1;0;1;0,29.0,0.6847054670015496,0.418701171875,0.22607421875,0.3223876953125,0.24086507161458334,0.17073974609375,0.034358715188914334,36.0,19.0,5.0,0.1724137931034483,2.0,2.0,0.06896551724137931,2.0,1.0,0.034482758620689655,1.0,0.0,0.0,0.0
1996,695481,0,0,0.0018529892;0.003074646;0.047607422;0;0;0.0030269623;0.0020103455;0.012336731;0.063049316;0.022796631;0.0023059845;0.0033245087;0;0.018829346;0;0;0;0;0;0.0031719208;0;0;0.0025501251;0;0;0;0;0.0021076202;0.0030403137;0;0,2;1;1;0;0;1;1;3;2;1;2;1;0;2;0;0;0;0;0;1;0;0;2;0;0;0;0;1;1;0;0,31.0,0.7271283650006808,0.06304931640625,0.047607421875,0.055328369140625,0.044484456380208336,0.03292388916015625,0.0061640277985603575,22.0,15.0,1.0,0.03225806451612903,1.0,0.0,0.0,0.0,0.0,0.0,0.0,0.0,0.0,0.0
1997,695481,0,0,0;0.0031719208;0.0040054321;0.099121094;0;0.010406494;0.0018749237;0.0021495819;0.0016937256;0.0032978058;0.065124512;0.047607422;0.0013151169;0;0;0.0013246536;0.0054702759;0;0.0011787415;0;0;0.010490417;0;0;0;0;0,0;2;1;1;0;1;3;1;2;3;2;3;1;0;0;1;2;0;1;0;0;1;0;0;0;0;0,27.0,0.6370019740006683,0.09912109375,0.06512451171875,0.082122802734375,0.07061767578125,0.04654998779296875,0.009564152470341435,25.0,15.0,2.0,0.07407407407407407,1.0,0.0,0.0,0.0,0.0,0.0,0.0,0.0,0.0,0.0
1999,695481,0,0,0;0;0;0;0;0;0.0022335052;0;0.028015137;0;0.003074646;0.0034294128;0.0098953247;0.027175903;0.052429199;0.059661865;0.018692017;0.047607422;0.0025119781;0;0;0;0;0;0;0;0;0;0,0;0;0;0;0;0;1;0;2;0;1;1;3;3;3;4;4;2;2;0;0;0;0;0;0;0;0;0;0,29.0,0.6912974780007062,0.059661865234375,0.05242919921875,0.0560455322265625,0.053232828776041664,0.0429779052734375,0.008783669307314116,26.0,11.0,2.0,0.06896551724137931,2.0,0.0,0.0,0.0,0.0,0.0,0.0,0.0,0.0,0.0
2034,702023,0,0,0.012237549;0.016921997;0;0;0;0.040679932;0.006690979;0.0018968582;0.023239136;0.13122559;0.02645874;0.016220093;0.24511719;0.875;0;0;0;0;0;0.0014104843;0.0016288757;0.0026836395;0.0032978058;0.036621094;0.014060974;0.0055122375;0;0.016342163;0;0;0;0,3;1;0;0;0;1;4;1;2;4;1;2;4;2;0;0;0;0;0;1;1;1;2;1;1;1;0;1;0;0;0;0,32.0,0.7475334930004465,0.875,0.2451171875,0.56005859375,0.4171142578125,0.265728759765625,0.04616391658782959,34.0,19.0,3.0,0.09375,2.0,3.0,0.09375,2.0,1.0,0.03125,1.0,1.0,0.03125,1.0
2046,705206,0,0,0.0042991638;0;0.0026321411;0;0.04385376;0.020248413;0.11199951;0.0030269623;0;0.010856628;0.017303467;0.0010900497;0.0010480881;0;0.0085754395;0,1;0;1;0;2;1;1;1;0;3;1;1;1;0;1;0,16.0,0.7367809060015134,0.11199951171875,0.043853759765625,0.0779266357421875,0.0587005615234375,0.04085235595703125,0.014058351516723633,14.0,11.0,1.0,0.0625,1.0,1.0,0.0625,1.0,0.0,0.0,0.0,0.0,0.0,0.0
2265,765202,1,0,0.0050621033;0;0.024520874;0.006072998;0.0078125;0;0.001824379;0.28930664;0.85888672;0.95703125;0.44555664;0.83007812;0.048858643;0.093322754;0;0,2;0;2;1;2;0;1;3;8;7;6;4;2;1;0;0,16.0,0.7206059220006864,0.95703125,0.85888671875,0.907958984375,0.8819986979166666,0.676171875,0.22302085161209106,39.0,12.0,6.0,0.375,5.0,5.0,0.3125,5.0,4.0,0.25,4.0,3.0,0.1875,2.0
2336,767131,0,0,0.17333984;0.32421875;0.20056152;0.30566406;0.43774414;0.035400391;0.16137695;0.0029239655;0.0055770874;0.18359375;0;0;0.0038547516;0;0.011291504;0,5;1;6;5;6;2;1;3;4;3;0;0;1;0;1;0,16.0,0.7187722180005949,0.437744140625,0.32421875,0.3809814453125,0.3558756510416667,0.2903564453125,0.11534667015075684,38.0,12.0,7.0,0.4375,5.0,7.0,0.4375,5.0,3.0,0.1875,2.0,0.0,0.0,0.0
2368,767281,0,0,0.21606445;0.0010690689;0.0020503998;0;0;0.003692627;0.013221741;0;0;0;0.0010204315;0;0;0.0079650879;0;0,3;1;2;0;0;2;1;0;0;0;1;0;0;1;0;0,16.0,0.7337465869986772,0.216064453125,0.01322174072265625,0.11464309692382812,0.07908376057942708,0.048598861694335936,0.015317738056182861,11.0,7.0,1.0,0.0625,1.0,1.0,0.0625,1.0,0.0,0.0,0.0,0.0,0.0,0.0
2408,767432,0,0,0.028656006;0;0;0;0;0;0;0;0;0;0;0;0;0;0;0,1;0;0;0;0;0;0;0;0;0;0;0;0;0;0;0,16.0,0.7136604630013608,0.028656005859375,0.0,0.0143280029296875,0.009552001953125,0.005731201171875,0.0017910003662109375,1.0,1.0,0.0,0.0,0.0,0.0,0.0,0.0,0.0,0.0,0.0,0.0,0.0,0.0
2437,767504,0,0,0.0056877136;0;0.013221741;0.0011119843;0.20690918;0.0013990402;0.0011072159;0.1159668;0.0041809082;0.035003662;0.18237305;0.0062904358;0.1394043;0.013328552;0.083862305;0,3;0;1;1;3;3;1;1;2;3;1;1;3;3;3;0,16.0,0.7295258170015586,0.2069091796875,0.182373046875,0.19464111328125,0.17622884114583334,0.145703125,0.05061542987823486,29.0,14.0,5.0,0.3125,1.0,4.0,0.25,1.0,0.0,0.0,0.0,0.0,0.0,0.0
2589,768104,0,0,0.0059814453;0;0.0078430176;0.16772461;0.0011510849;0.0016813278;0.10412598;0;0;0;0;0.0030269623;0;0;0;0,2;0;2;2;1;1;1;0;0;0;0;1;0;0;0;0,16.0,0.7137991060008062,0.167724609375,0.1041259765625,0.13592529296875,0.093231201171875,0.057740402221679685,0.018220901489257812,10.0,7.0,2.0,0.125,1.0,2.0,0.125,1.0,0.0,0.0,0.0,0.0,0.0,0.0
270818,5e14e35deb5f2d63ad55ac4e358a0243224b92e2925a97dca1d07f5bb94f9476,0,0,0;0.0014610291;0.0011339188;0.022109985;0;0;0.0077552795;0.0040855408;0.011688232;0.0032730103;0.030914307;0.10229492;0.31567383;0.2421875;0.14807129;0;0;0;0.001115799;0.0010080338;0.036346436;0.010902405;0;0;0.0030517578;0.070068359;0.008644104;0.010093689;0.0012350082;0.037750244;0.010292053;0,0;1;1;1;0;0;3;2;6;2;4;4;6;4;1;0;0;0;1;1;2;2;0;0;2;2;2;3;1;1;2;0,32.0,0.7632386749992293,0.315673828125,0.2421875,0.2789306640625,0.23531087239583334,0.1756591796875,0.03378614783287048,54.0,23.0,5.0,0.15625,4.0,4.0,0.125,4.0,1.0,0.03125,1.0,0.0,0.0,0.0
270872,eb706499d1c3d53477dea54cb1fec38402488907df08bb3a378dd2567bb9b978,0,0,0;0;0;0;0;0.017990112;0.0023059845;0;0;0.010566711;0.010406494;0;0;0;0;0;0;0;0;0;0;0;0;0;0;0;0;0,0;0;0;0;0;3;2;0;0;1;3;0;0;0;0;0;0;0;0;0;0;0;0;0;0;0;0;0,28.0,0.6585932790003426,0.0179901123046875,0.01056671142578125,0.014278411865234375,0.012987772623697916,0.008253860473632812,0.0014739036560058594,9.0,4.0,0.0,0.0,0.0,0.0,0.0,0.0,0.0,0.0,0.0,0.0,0.0,0.0
270907,a1b1df8f806e517e6a5f84bdc125d3300921faecd75f297699f8989a3edfb4d6,0,0,0.0061225891;0.0042991638;0;0;0.0014381409;0;0.0023231506;0.0022697449;0.0015306473;0.071594238;0.10668945;0.12420654;0.010566711;0.001244545;0.0090179443;0.025863647;0.10858154;0.017776489;0.047943115;0.56787109;0.0018825531;0.061431885;0.047943115;0.020492554;0.018051147;0.060516357;0.37011719;0.0092315674;0.0030269623;0.001789093;0.0057754517;0;0.054595947;0.0016231537;0.11962891;0.0071220398;0.0095596313;0.0013666153;0.0014667511;0.21801758;0.46484375;0.89355469;0.010009766;0;0.011642456;0.074768066;0;0;0;0,3;1;0;0;1;0;1;1;1;3;7;3;1;1;1;2;3;2;4;2;1;4;7;3;4;3;5;4;5;1;4;0;5;1;3;3;3;2;3;1;3;2;1;0;1;1;0;0;0;0,50.0,1.1740051439992385,0.8935546875,0.56787109375,0.730712890625,0.64208984375,0.502880859375,0.0715559196472168,107.0,41.0,14.0,0.28,3.0,9.0,0.18,3.0,4.0,0.08,2.0,2.0,0.04,1.0
270967,b013b1327ab19999ea2baeeeba7633af92cee8dac28a833028eba3bd356eb867,0,0,0.0057296753;0.0010900497;0;0.003944397;0.0023975372;0;0;0;0;0;0.027801514;0.0018672943;0.014732361;0.024139404;0.030670166;0.11474609;0.054992676;0.088500977;0.0024719238;0.0020904541;0.024887085;0.027267456;0.01210022;0;0;0.0080032349;0.0065879822;0.0072898865;0.023696899;0.0027256012;0.045684814;0.001912117;0.01525116;0.006439209;0.0018749237;0.0058441162;0.13708496;0.024887085;0.1895752;0.1361084;0.3684082;0.48828125;0.10858154;0.0019416809;0;0;0;0;0.0021400452;0,1;1;0;1;2;0;0;0;0;0;1;1;4;5;6;5;4;3;2;3;2;1;2;0;0;1;1;2;2;1;2;1;2;1;2;2;2;1;1;2;3;1;2;1;0;0;0;0;1;0,50.0,1.146934037000392,0.48828125,0.368408203125,0.4283447265625,0.3487548828125,0.2638916015625,0.040434951782226565,75.0,37.0,9.0,0.18,5.0,7.0,0.14,5.0,2.0,0.04,2.0,0.0,0.0,0.0
271013,da75522da98102ec45438af8b82387833b4b520fd65519615a79d1628e462cbc,0,0,0;0.0027141571;0.0023975372;0.013168335;0;0.002790451;0.0010948181;0.011688232;0.030563354;0.023330688;0;0.0012111664;0;0;0;0;0.012290955;0;0.011245728;0.0098190308;0.0015974045;0;0.019348145;0.0046081543;0.021209717;0;0.0042304993;0.004573822;0.0076065063;0.015014648;0.19873047;0.028656006;0;0.022201538;0;0;0;0,0;1;4;3;0;2;1;2;1;2;0;2;0;0;0;0;1;0;2;1;1;0;1;2;1;0;1;1;2;2;2;2;0;1;0;0;0;0,38.0,0.8546286260007037,0.19873046875,0.0305633544921875,0.11464691162109375,0.0859832763671875,0.0606964111328125,0.01184450952630294,38.0,23.0,1.0,0.02631578947368421,1.0,1.0,0.02631578947368421,1.0,0.0,0.0,0.0,0.0,0.0,0.0
271159,1cde93aa0716be039d00b343355852954f0d1d0d999510f6c3be3435e2967d65,0,0,0;0.0013666153;0.0080947876;0.13476562;0;0;0.0060958862;0.011962891;0.0014667511;0.0026016235;0.0060501099;0;0.0077552795;0;0;0;0;0.15710449;0.022201538;0.0023422241;0;0;0;0;0.0083770752;0.0086135864;0.0018825531;0,0;1;2;1;0;0;2;3;1;1;1;0;2;0;0;0;0;2;2;1;0;0;0;0;2;1;1;0,28.0,0.632173239999247,0.1571044921875,0.134765625,0.14593505859375,0.1046905517578125,0.06692962646484375,0.013595751353672572,23.0,15.0,2.0,0.07142857142857142,1.0,2.0,0.07142857142857142,1.0,0.0,0.0,0.0,0.0,0.0,0.0
271208,d103224800bddd812d6d4cc454211dd70fee8ddd8015169acae71384d57af5a3,0,0,0;0;0.010986328;0.00116539;0;0.001206398;0;0;0.0038089752;0;0.0061683655;0.066589355;0;0.03817749;0.008644104;0.0030879974;0.0022163391;0.0061225891;0;0.030792236;0;0.0011606216;0.0010652542;0;0.0030269623;0.0031108856;0;0;0;0;0;0;0;0;0;0,0;0;2;1;0;1;0;0;3;0;1;1;0;2;6;1;1;2;0;2;0;1;1;0;2;1;0;0;0;0;0;0;0;0;0;0,36.0,0.8574763680007891,0.06658935546875,0.038177490234375,0.0523834228515625,0.045186360677083336,0.03103790283203125,0.005203591452704536,28.0,16.0,1.0,0.027777777777777776,1.0,0.0,0.0,0.0,0.0,0.0,0.0,0.0,0.0,0.0
271313,37aeefb95d856cf81d18642c39b56ae8ddbe6c7929cee040bc246dc20208008c,0,0,0;0.011375427;0;0;0;0;0.016281128;0;0;0.015716553;0.008644104;0.0022602081;0.011642456;0;0.0015068054;0.0018529892;0.0041999817;0;0.0019264221;0;0.038604736;0;0.0075759888;0.0021820068;0;0.0018100739;0.018692017;0;0;0;0;0;0;0;0;0,0;1;0;0;0;0;1;0;0;1;1;1;1;0;1;3;1;0;1;0;3;0;1;1;0;1;1;0;0;0;0;0;0;0;0;0,36.0,0.8449043279997568,0.038604736328125,0.0186920166015625,0.02864837646484375,0.024525960286458332,0.0201873779296875,0.004007524914211697,19.0,15.0,0.0,0.0,0.0,0.0,0.0,0.0,0.0,0.0,0.0,0.0,0.0,0.0
271335,256341a239f09350f7ed9b0078648d60d2f4216c601ce75aaa0d89adc948c845,0,0,0.0021324158;0.0024719238;0.016464233;0.0083465576;0;0;0;0;0;0;0;0;0;0;0.0032482147;0.0025901794;0.032348633;0;0.0011377335;0;0;0;0;0.0087432861;0.03515625;0.0023326874;0;0;0;0;0.017105103;0,1;2;3;1;0;0;0;0;0;0;0;0;0;0;3;1;1;0;1;0;0;0;0;3;2;1;0;0;0;0;1;0,32.0,0.7864238969996222,0.03515625,0.0323486328125,0.03375244140625,0.028203328450520832,0.0219635009765625,0.004127413034439087,20.0,12.0,0.0,0.0,0.0,0.0,0.0,0.0,0.0,0.0,0.0,0.0,0.0,0.0
271508,637c30082a0b2c420dfc43cfd406660ba5bbfcf11a3dbc7776fb6836756fc385,0,0,0.016983032;0.0043830872;0.0030632019;0;0;0;0.013954163;0.88818359;0.046722412;0;0;0;0;0;0;0;0;0.0013780594;0;0;0.001335144;0;0;0;0;0;0;0;0;0,1;1;4;0;0;0;3;4;2;0;0;0;0;0;0;0;0;1;0;0;1;0;0;0;0;0;0;0;0;0,30.0,0.7070258859985188,0.88818359375,0.046722412109375,0.4674530029296875,0.3172963460286458,0.19404525756835939,0.032533423105875654,17.0,8.0,1.0,0.03333333333333333,1.0,1.0,0.03333333333333333,1.0,1.0,0.03333333333333333,1.0,1.0,0.03333333333333333,1.0
271623,95fd74c952aa692b87ab414ebf818ecc073eb43b1ea0ddb7f062393ac6f4eb8c,1,0,0.028869629;0.047943115;0;0;0.036071777;0.0015125275;0.0025615692;0.0042991638;0.0027141571;0;0.0084152222;0;0;0.0042991638;0.0070953369;0;0;0;0;0.0028457642;0.0027580261;0;0;0;0;0.077209473;0.0017747879;0;0.0015125275;0;0;0.0056190491;0.00806427;0.0024528503;0,7;3;0;0;3;1;1;2;3;0;1;0;0;2;2;0;0;0;0;1;1;0;0;0;0;1;1;0;1;0;0;2;1;1;0,35.0,0.83522321899909,0.07720947265625,0.047943115234375,0.0625762939453125,0.053741455078125,0.03970184326171875,0.007029097420828683,34.0,18.0,1.0,0.02857142857142857,1.0,0.0,0.0,0.0,0.0,0.0,0.0,0.0,0.0,0.0
271686,e51544c450893a7be1d0178b08f7ca9c99685006b37ba0841559f5995ad181b2,0,0,0.0060272217;0.0043296814;0.0011119843;0.013534546;0.0013093948;0;0.040252686;0.0019264221;0.0031719208;0.0015544891;0;0.0040550232;0.056030273;0.080383301;0.044006348;0.038024902;0.010902405;0.011779785;0.0015850067;0.0020999908;0.46679688;0.0051002502;0;0;0.001115799;0.0011787415;0.013847351;0;0.003736496;0;0;0.001294136;0;0,2;1;1;3;1;0;2;1;2;1;0;2;2;2;4;3;2;3;2;1;2;3;0;0;1;1;2;0;3;0;0;1;0;0,34.0,0.8136437850007496,0.466796875,0.08038330078125,0.273590087890625,0.20107014973958334,0.137493896484375,0.023975147920496324,48.0,25.0,3.0,0.08823529411764706,2.0,1.0,0.029411764705882353,1.0,1.0,0.029411764705882353,1.0,0.0,0.0,0.0
271912,110ec596f9ba448ad8d35a05eed254e00a1a6fc00ebf2bba8b562c58564068b7,1,0,0.047607422;0.0042991638;0.0013151169;0.0010404587;0.018539429;0.28295898;0.12768555;0.03918457;0.037475586;0.021286011;0.013168335;0.059661865;0.010452271;0.012573242;0.0011339188;0.014839172;0.023147583;0.001124382;0;0.0012350082;0.10968018;0.75683594;0.61962891;0.10858154;0.011421204;0;0;0;0;0,6;1;1;1;5;3;8;4;9;2;4;3;4;2;1;1;4;1;0;2;7;3;5;3;1;0;0;0;0;0,30.0,0.7447052489987982,0.7568359375,0.61962890625,0.688232421875,0.5531412760416666,0.37935791015625,0.0774958610534668,81.0,24.0,7.0,0.23333333333333334,4.0,6.0,0.2,4.0,2.0,0.06666666666666667,2.0,2.0,0.06666666666666667,2.0
272221,e63f1c09a268cdfc2d5cc0c1aff79f0ee820c20bbd0fdd6bf11d3bb3086c4965,0,0,0.003824234;0.096679688;0;0;0;0.0093002319;0.0055999756;0.12939453;0.073181152;0;0.0051803589;0.011825562;0.005821228;0.013847351;0;0;0;0;0;0;0;0;0;0;0;0.0011510849;0;0;0;0;0;0,3;5;0;0;0;1;1;2;3;0;1;1;2;4;0;0;0;0;0;0;0;0;0;0;0;1;0;0;0;0;0;0,32.0,0.769629991000329,0.12939453125,0.0966796875,0.113037109375,0.09975179036458333,0.06498565673828124,0.011118918657302856,24.0,11.0,3.0,0.09375,2.0,1.0,0.03125,1.0,0.0,0.0,0.0,0.0,0.0,0.0
272271,4998a2c41f2a938c71d781405c2c44f41779ec3526f3506fd067cffde0f3627d,0,0,0.004737854;0;0;0;0;0;0;0;0.015426636;0.0010652542;0.016159058;0.066589355;0.0012207031;0;0;0;0.0069847107;0.020568848;0;0.0057296753;0;0;0;0.15612793;0.14123535;0.73876953;0.0030632019;0;0;0;0;0,3;0;0;0;0;0;0;0;1;1;1;4;2;0;0;0;3;1;0;1;0;0;0;2;1;1;1;0;0;0;0;0,32.0,0.7518485090004106,0.73876953125,0.1561279296875,0.44744873046875,0.3453776041666667,0.224658203125,0.036802440881729126,22.0,13.0,4.0,0.125,3.0,3.0,0.09375,3.0,1.0,0.03125,1.0,1.0,0.03125,1.0
272468,7facd4e93ae61bc02911e743d0f94711513379e486c254b5981725d360a70d1b,0,0,0.0088500977;0.071838379;0.10968018;0.00806427;0.0029239655;0.01159668;0.0057754517;0.005241394;0.004486084;0;0;0.0046081543;0.0045051575;0.049407959;0.0041351318;0;0.0035800934;0.0016870499;0.005821228;0.0044174194;0.062805176;0;0;0.0015735626;0;0;0.0041160583;0;0;0;0;0;0;0;0;0,4;8;5;2;2;4;2;2;1;0;0;3;4;1;4;0;2;1;2;1;1;0;0;1;0;0;1;0;0;0;0;0;0;0;0;0,36.0,0.8324778429996513,0.10968017578125,0.07183837890625,0.09075927734375,0.08144124348958333,0.061065673828125,0.010419819090101454,51.0,20.0,3.0,0.08333333333333333,2.0,1.0,0.027777777777777776,1.0,0.0,0.0,0.0,0.0,0.0,0.0
272528,8021fd1fe9a067d4aec4859ab18f2a985d22eab8e7ae8683f2287e783bef0b32,1,0,0;0;0;0.1116333;0;0.50976562;0.015014648;0.0043983459;0.044342041;0.085693359;0.13427734;0.03994751;0.079223633;0.19555664;0.020172119;0.2199707;0.26293945;0.25390625;0.62451172;0.62451172;0.16186523;0.025756836;0.47265625;0.73730469;0.0055770874;0;0;0;0.0030269623;0;0;0,0;0;0;1;0;2;3;2;1;2;4;4;4;2;1;1;2;4;7;5;7;5;6;3;3;0;0;0;1;0;0;0,32.0,0.7480402609999146,0.7373046875,0.62451171875,0.680908203125,0.662109375,0.59375,0.14475160837173462,70.0,22.0,14.0,0.4375,6.0,12.0,0.375,6.0,5.0,0.15625,2.0,4.0,0.125,2.0
272645,5e16ece0af22d218a15094477318ad741cbbd6bb3da62f99b26acb39bc7d9a57,0,0,0;0.0035800934;0;0;0.0032100677;0.0019264221;0.0018463135;0.0013093948;0.01272583;0.0029125214;0.0066146851;0.0074043274;0.024887085;0.0043487549;0.010368347;0.057922363;0.0033111572;0.0039596558;0;0;0;0;0.001789093;0.0029811859;0.0011920929;0.0066413879;0.0025615692;0.042724609;0.19189453;0.053985596;0.010368347;0.047424316;0.090393066;0.0035934448;0.0035648346;0;0.0038547516;0.0042495728;0.033966064;0;0.045684814;0;0;0;0;0,0;1;0;0;2;1;1;1;4;2;2;2;4;2;2;2;2;3;0;0;0;0;1;1;1;1;1;3;4;1;3;2;2;2;2;0;3;1;2;0;2;0;0;0;0;0,46.0,1.1023551620000944,0.19189453125,0.09039306640625,0.141143798828125,0.1134033203125,0.088323974609375,0.01506948471069336,63.0,32.0,4.0,0.08695652173913043,2.0,1.0,0.021739130434782608,1.0,0.0,0.0,0.0,0.0,0.0,0.0
2840,768963,0,0,0;0.0027999878;0.0044517517;0.096374512;0.0013780594;0.0012550354;0.0014438629;0;0;0;0;0;0;0.0076675415;0.014335632;0,0;1;1;1;1;1;1;0;0;0;0;0;0;2;1;0,16.0,0.7619664379999449,0.09637451171875,0.01433563232421875,0.055355072021484375,0.039459228515625,0.025125885009765626,0.008106648921966553,9.0,8.0,1.0,0.0625,1.0,0.0,0.0,0.0,0.0,0.0,0.0,0.0,0.0,0.0
2910,769210,0,0,0;0;0.0023593903;0.027069092;0;0;0.030441284;0;0.0028896332;0.0020828247;0;0;0;0;0;0,0;0;2;4;0;0;3;0;2;1;0;0;0;0;0;0,16.0,0.73496426499878,0.0304412841796875,0.027069091796875,0.02875518798828125,0.020133336385091145,0.01296844482421875,0.004052639007568359,12.0,5.0,0.0,0.0,0.0,0.0,0.0,0.0,0.0,0.0,0.0,0.0,0.0,0.0
2913,769213,0,0,0.00806427;0.088806152;0.013793945;0.0051193237;0;0;0.021942139;0;0;0.001115799;0;0.0025405884;0;0.050720215;0.90673828;0,3;1;3;3;0;0;1;0;0;1;0;1;0;1;1;0,16.0,0.7340144059999147,0.90673828125,0.08880615234375,0.497772216796875,0.3487548828125,0.216400146484375,0.06867754459381104,15.0,9.0,3.0,0.1875,2.0,1.0,0.0625,1.0,1.0,0.0625,1.0,1.0,0.0625,1.0
2947,769338,0,0,0;0.0059585571;0.0017204285;0.099121094;0.001244545;0.0014381409;0;0;0.26733398;0.35400391;0.69091797;0.0056877136;0.031738281;0;0;0,0;1;2;5;1;1;0;0;4;2;1;1;2;0;0;0,16.0,0.7305633500000113,0.69091796875,0.35400390625,0.5224609375,0.4374186197916667,0.288623046875,0.09119778871536255,20.0,10.0,4.0,0.25,3.0,3.0,0.1875,3.0,2.0,0.125,2.0,1.0,0.0625,1.0
3053,770488,0,0,0.0035247803;0.0025215149;0.0011339188;0.001206398;0.042877197;0;0;0;0.001449585;0.0078125;0.015960693;0.0018100739;0;0;0;0,2;2;1;1;3;0;0;0;3;1;2;2;0;0;0;0,16.0,0.7289695340004982,0.042877197265625,0.015960693359375,0.0294189453125,0.022216796875,0.014539337158203125,0.00489354133605957,17.0,9.0,0.0,0.0,0.0,0.0,0.0,0.0,0.0,0.0,0.0,0.0,0.0,0.0
3084,770646,0,0,0.0010814667;0;0.071350098;0.063476562;0.019119263;0.56005859;0.58886719;0.0048484802;0;0.0060501099;0.0011920929;0;0.0016546249;0.071350098;0;0,1;0;2;3;3;5;3;1;0;1;1;0;1;1;0;0,16.0,0.7859645899989118,0.5888671875,0.56005859375,0.574462890625,0.4067586263020833,0.2710205078125,0.08681553602218628,22.0,11.0,5.0,0.3125,2.0,2.0,0.125,2.0,2.0,0.125,2.0,2.0,0.125,2.0
3796,774302,1,0,0.03817749;0.0015249252;0.21606445;0.45703125;0.010009766;0.032470703;0.11920166;0.359375;0.94873047;0.66357422;0;0;0;0;0.015670776;0.002286911,5;1;2;3;5;3;1;3;4;2;0;0;0;0;1;1,16.0,0.7996633879993169,0.94873046875,0.66357421875,0.80615234375,0.6897786458333334,0.528955078125,0.17900735139846802,31.0,12.0,6.0,0.375,4.0,6.0,0.375,4.0,4.0,0.25,3.0,2.0,0.125,2.0
556,158377,0,0,0.0016613007;0;0;0.0063400269;0.014503479;0;0.0025806427;0;0;0;0;0;0;0;0;0,2;0;0;1;2;0;2;0;0;0;0;0;0;0;0;0,16.0,0.83245480900041,0.01450347900390625,0.00634002685546875,0.0104217529296875,0.0078080495198567705,0.00501708984375,0.001567840576171875,7.0,4.0,0.0,0.0,0.0,0.0,0.0,0.0,0.0,0.0,0.0,0.0,0.0,0.0
6353,848179,0,0,0.027267456;0.0011882782;0.083312988;0.80664062;0.62255859;0.26733398;0.31396484;0.0021820068;0.13391113;0.0040245056;0;0.021209717;0.41870117;0.035949707;0;0,1;1;6;5;7;7;3;1;1;1;0;1;4;2;0;0,16.0,0.7854488749999291,0.806640625,0.62255859375,0.714599609375,0.615966796875,0.48583984375,0.17114031314849854,40.0,13.0,7.0,0.4375,5.0,6.0,0.375,4.0,4.0,0.25,2.0,2.0,0.125,2.0
663,193532,0,0,0.0026626587;0.045532227;0.0048675537;0;0;0;0;0.083312988;0.0073165894;0;0.015838623;0;0;0.0010080338;0;0;0;0;0.010452271;0.060974121;0.17443848;0.23303223;0.33984375;0.80419922;0;0;0;0;0;0;0;0,4;3;2;0;0;0;0;2;1;0;1;0;0;1;0;0;0;0;1;3;2;2;3;4;0;0;0;0;0;0;0;0,32.0,0.7819108860003325,0.80419921875,0.33984375,0.572021484375,0.4590250651041667,0.32696533203125,0.055733710527420044,29.0,13.0,6.0,0.1875,5.0,4.0,0.125,4.0,2.0,0.0625,2.0,1.0,0.03125,1.0
6665,850340,0,0,0.10412598;0.0017414093;0.0042800903;0.011688232;0.048309326;0.0013093948;0.0025901794;0;0;0;0;0;0.0030155182;0;0;0.0022792816,2;3;1;3;6;1;1;0;0;0;0;0;1;0;0;1,16.0,0.7588184399992315,0.1041259765625,0.048309326171875,0.0762176513671875,0.054707845052083336,0.03428382873535156,0.011208713054656982,19.0,9.0,1.0,0.0625,1.0,1.0,0.0625,1.0,0.0,0.0,0.0,0.0,0.0,0.0
673,197290,0,0,0.0012350082;0;0;0.0016040802;0;0;0.0070648193;0.33984375;0.0054702759;0;0.01272583;0.041778564;0;0;0.0018529892;0;0.0011119843;0;0;0;0;0;0;0;0;0.0035381317;0.001115799;0;0.0064620972;0;0;0;0;0;0;0.0010900497,1;0;0;1;0;0;3;2;1;0;3;3;0;0;1;0;1;0;0;0;0;0;0;0;0;1;1;0;1;0;0;0;0;0;0;1,36.0,0.8577758689989423,0.33984375,0.041778564453125,0.1908111572265625,0.13144938151041666,0.08157501220703126,0.011802593866984049,20.0,13.0,1.0,0.027777777777777776,1.0,1.0,0.027777777777777776,1.0,1.0,0.027777777777777776,1.0,0.0,0.0,0.0
6746,850685,0,0,0.002822876;0;0.019424438;0.01146698;0.029647827;0.035675049;0.0080947876;0.0015735626;0.0018100739;0;0;0;0;0;0;0,6;0;1;5;3;1;2;1;1;0;0;0;0;0;0;0,16.0,0.7679849830001331,0.035675048828125,0.0296478271484375,0.03266143798828125,0.028249104817708332,0.02086181640625,0.006907224655151367,20.0,8.0,0.0,0.0,0.0,0.0,0.0,0.0,0.0,0.0,0.0,0.0,0.0,0.0
6804,851006,0,0,0;0;0.0015010834;0.015777588;0.0023136139;0.1217041;0;0;0;0;0.0103302;0.0053024292;0.012527466;0.0020828247;0;0,0;0;1;2;2;1;0;0;0;0;2;1;1;1;0;0,16.0,0.7476523780005664,0.1217041015625,0.015777587890625,0.0687408447265625,0.0500030517578125,0.03312835693359375,0.010721206665039062,11.0,8.0,1.0,0.0625,1.0,1.0,0.0625,1.0,0.0,0.0,0.0,0.0,0.0,0.0
6995,852256,0,0,0.0055351257;0.065124512;0.020645142;0.41479492;0.012054443;0.0024528503;0;0;0;0;0.0023059845;0;0;0;0;0,2;1;1;2;2;1;0;0;0;0;1;0;0;0;0;0,16.0,0.7445022610008891,0.414794921875,0.06512451171875,0.239959716796875,0.1668548583984375,0.10363082885742188,0.032682061195373535,10.0,7.0,2.0,0.125,1.0,1.0,0.0625,1.0,1.0,0.0625,1.0,0.0,0.0,0.0
7006,852382,0,0,0;0;0;0.0016870499;0.070800781;0;0.0029010773;0;0;0;0;0.011199951;0;0;0.73876953;0;0;0;0;0,0;0;0;1;3;0;1;0;0;0;0;1;0;0;1;0;0;0;0;0,20.0,0.9513289790011186,0.73876953125,0.07080078125,0.40478515625,0.273590087890625,0.1650716781616211,0.041267919540405276,7.0,5.0,2.0,0.1,1.0,1.0,0.05,1.0,1.0,0.05,1.0,1.0,0.05,1.0
704,205139,0,0,0.0012397766;0.0016613007;0;0;0.16455078;0.0025901794;0;0;0;0.0031242371;0.0019493103;0.00831604;0;0.0082550049;0;0,1;1;0;0;2;1;0;0;0;1;1;1;0;1;0;0,16.0,0.7299259629999142,0.16455078125,0.0083160400390625,0.08643341064453125,0.060373942057291664,0.03736724853515625,0.011980414390563965,9.0,8.0,1.0,0.0625,1.0,1.0,0.0625,1.0,0.0,0.0,0.0,0.0,0.0,0.0
7045,852757,0,0,0.0050621033;0;0.0030040741;0;0.0032730103;0.0034828186;0;0;0.0012845993;0;0;0;0;0.0010652542;0.0019264221;0,3;0;2;0;1;2;0;0;1;0;0;0;0;1;1;0,16.0,0.733065918999273,0.005062103271484375,0.003482818603515625,0.0042724609375,0.003939310709635417,0.0033496856689453126,0.0011936426162719727,11.0,7.0,0.0,0.0,0.0,0.0,0.0,0.0,0.0,0.0,0.0,0.0,0.0,0.0
7107,853068,0,0,0.0029239655;0;0.0069046021;0.029418945;0.0098571777;0.0077552795;0.10266113;0;0;0;0;0.0072059631;0;0.004573822;0.0069046021;0,1;0;2;4;3;3;1;0;0;0;0;3;0;1;2;0,16.0,0.7929217590008193,0.1026611328125,0.0294189453125,0.0660400390625,0.047312418619791664,0.03137969970703125,0.011137843132019043,20.0,9.0,1.0,0.0625,1.0,1.0,0.0625,1.0,0.0,0.0,0.0,0.0,0.0,0.0
7159,853371,0,0,0.0029354095;0.0025310516;0.0018177032;0.030105591;0.010490417;0;0.0056419373;0;0.0015487671;0.025268555;0.0017747879;0.0010528564;0.0027580261;0.017303467;0.0079345703;0,1;2;1;1;2;0;1;0;2;1;1;1;1;3;1;0,16.0,0.7727861820003454,0.0301055908203125,0.0252685546875,0.02768707275390625,0.024225870768229168,0.01822052001953125,0.006947696208953857,18.0,13.0,0.0,0.0,0.0,0.0,0.0,0.0,0.0,0.0,0.0,0.0,0.0,0.0
7248,853930,0,0,0;0.0065383911;0.0010900497;0;0;0;0;0.0054283142;0;0.0014162064;0;0;0;0.011161804;0;0,0;1;2;0;0;0;0;1;0;1;0;0;0;2;0;0,16.0,0.7841286409984605,0.01116180419921875,0.00653839111328125,0.00885009765625,0.007709503173828125,0.005126953125,0.0016021728515625,7.0,5.0,0.0,0.0,0.0,0.0,0.0,0.0,0.0,0.0,0.0,0.0,0.0,0.0
7332,855265,0,0,0.027481079;0.0070114136;0.0024242401;0.036071777;0;0;0;0;0;0;0.0017414093;0.015426636;0.017776489;0.0037651062;0;0,2;1;1;1;0;0;0;0;0;0;1;3;2;2;0;0,16.0,0.7926673109996045,0.03607177734375,0.0274810791015625,0.03177642822265625,0.027109781901041668,0.02075347900390625,0.0069811344146728516,13.0,8.0,0.0,0.0,0.0,0.0,0.0,0.0,0.0,0.0,0.0,0.0,0.0,0.0
7396,855530,0,0,0;0;0;0.0018672943;0.048858643;0;0.059417725;0;0.0063896179;0.15710449;0.42260742;0.19812012;0.0020198822;0.0014781952;0;0.016662598,0;0;0;1;3;0;1;0;1;2;2;1;1;1;0;1,16.0,0.8081657089987857,0.422607421875,0.1981201171875,0.31036376953125,0.25927734375,0.1772216796875,0.05715787410736084,14.0,10.0,4.0,0.25,3.0,3.0,0.1875,3.0,1.0,0.0625,1.0,0.0,0.0,0.0
7397,855533,0,0,0;0.0017957687;0.0011119843;0;0.057281494;0.0013666153;0;0.0016813278;0;0;0;0;0.52148438;0;0;0,0;2;1;0;2;1;0;2;0;0;0;0;1;0;0;0,16.0,0.7316757749995304,0.521484375,0.057281494140625,0.2893829345703125,0.19352054595947266,0.11672191619873047,0.03654509782791138,9.0,6.0,2.0,0.125,1.0,1.0,0.0625,1.0,1.0,0.0625,1.0,1.0,0.0625,1.0
7428,855665,0,0,0.0038852692;0;0.039337158;0.0047187805;0.0060958862;0.0036220551;0.16345215;0.030670166;0.0010204315;0.013122559;0;0;0;0;0.002571106;0,3;0;3;1;4;3;2;2;1;3;0;0;0;0;1;0,16.0,0.7493511579996266,0.1634521484375,0.039337158203125,0.1013946533203125,0.07781982421875,0.05053558349609375,0.016780972480773926,23.0,10.0,1.0,0.0625,1.0,1.0,0.0625,1.0,0.0,0.0,0.0,0.0,0.0,0.0
834,223151,0,0,0;0.0025901794;0.015602112;0;0.0087432861;0;0.0035114288;0.0021324158;0;0;0;0;0;0;0;0,0;1;2;0;1;0;2;1;0;0;0;0;0;0;0;0,16.0,0.7691970110008697,0.01560211181640625,0.0087432861328125,0.012172698974609375,0.009285608927408854,0.006515884399414062,0.0020362138748168945,7.0,5.0,0.0,0.0,0.0,0.0,0.0,0.0,0.0,0.0,0.0,0.0,0.0,0.0
880,231909,0,0,0;0.0011606216;0.001824379;0;0.0027675629;0.072631836;0.50976562;0.13574219;0;0;0;0;0;0;0;0,0;1;4;0;3;4;2;4;0;0;0;0;0;0;0;0,16.0,0.8368575010008499,0.509765625,0.1357421875,0.32275390625,0.2393798828125,0.1445463180541992,0.045243263244628906,18.0,6.0,3.0,0.1875,3.0,2.0,0.125,2.0,1.0,0.0625,1.0,1.0,0.0625,1.0
902,2380,0,0,0.0025119781;0.0018033981;0.020721436;0.001912117;0;0;0.1005249;0;0;0.0026016235;0.001912117;0.063964844;0.021209717;0;0.0012302399;0.0018968582;0.0018100739;0.0050201416;0.0054283142;0.0035648346;0.0023326874;0.0037498474;0.020019531;0.0016489029;0.0013942719;0;0;0;0.0018033981;0;0;0;0;0,3;2;4;1;0;0;2;0;0;1;1;2;2;0;1;2;2;1;4;1;1;1;3;2;1;0;0;0;1;0;0;0;0;0,34.0,0.8569061460002558,0.10052490234375,0.06396484375,0.082244873046875,0.061899820963541664,0.0452880859375,0.007854742162367877,38.0,21.0,2.0,0.058823529411764705,1.0,1.0,0.029411764705882353,1.0,0.0,0.0,0.0,0.0,0.0,0.0
9244,88028,1,0,0;0;0;0;0.0020275116;0.0089187622;0;0.0038547516;0.0052604675;0.049591064;0.028549194;0.039489746;0.0025806427;0.0046081543;0.0011835098;0.0045051575;0.004699707;0.0069580078;0.23510742;0.087280273;0.13525391;0.13256836;0.024139404;0.10559082;0;0;0;0;0,0;0;0;0;1;3;0;2;1;1;3;3;2;2;1;1;1;1;2;3;3;3;1;2;0;0;0;0;0,29.0,0.7029770050012303,0.235107421875,0.13525390625,0.1851806640625,0.16764322916666666,0.13916015625,0.03041954698233769,36.0,19.0,5.0,0.1724137931034483,4.0,4.0,0.13793103448275862,2.0,0.0,0.0,0.0,0.0,0.0,0.0
9248,89348,0,0,0.0011968613;0;0.21801758;0.0010528564;0;0.001206398;0.22680664;0.053192139;0.030563354;0.34326172;0.0032234192;0.016403198;0;0.0024433136;0.0059585571;0;0;0;0.010818481;0.13256836;0.025466919;0.13708496;0.54003906;0.14953613;0.045196533;0.82714844;0.03527832;0;0.0030517578,1;0;1;1;0;1;3;2;5;4;3;3;0;2;1;0;0;0;3;2;1;4;6;7;4;7;2;0;5,29.0,0.7148430719989847,0.8271484375,0.5400390625,0.68359375,0.5701497395833334,0.4310546875,0.0968798275651603,68.0,22.0,9.0,0.3103448275862069,3.0,8.0,0.27586206896551724,3.0,3.0,0.10344827586206896,1.0,2.0,0.06896551724137931,1.0
925,239067,0,0,0.00299263;0;0;0.0093002319;0.0038852692;0.020965576;0.26586914;0.01159668;0.011161804;0.017181396;0.023071289;0.0052185059;0.052612305;0.0019721985;0.0026931763;0.02104187;0.0018177032;0.15917969;0.58154297;0.74609375;0.65136719;0.87890625;0.94091797;0.81396484;0.60595703;0;0;0,1;0;0;1;1;3;3;4;1;1;1;3;2;2;2;2;4;2;3;3;4;3;4;4;1;0;0;0,28.0,0.6990202319993841,0.94091796875,0.87890625,0.909912109375,0.8779296875,0.80625,0.20818962369646346,55.0,23.0,10.0,0.35714285714285715,8.0,9.0,0.32142857142857145,8.0,7.0,0.25,7.0,7.0,0.25,7.0
985,254978,0,0,0.10375977;0.14709473;0.00349617;0.0068778992;0;0.0015974045;0.0035934448;0.00340271;0.012336731;0.0013408661;0.040252686;0.0012550354;0.019058228;0.10894775;0.0049438477;0;0.640625;0.010566711;0;0;0.0039596558;0.010490417;0.0016613007;0;0.0033378601;0;0;0;0,11;4;1;2;0;1;1;1;4;2;1;1;4;2;2;0;2;2;0;0;1;2;2;0;1;0;0;0;0,29.0,0.7428896030014585,0.640625,0.1470947265625,0.39385986328125,0.29888916015625,0.208135986328125,0.03891717976537244,47.0,20.0,4.0,0.13793103448275862,2.0,4.0,0.13793103448275862,2.0,1.0,0.034482758620689655,1.0,1.0,0.034482758620689655,1.0
995,257283,0,0,0.018478394;0.0014896393;0;0;0;0;0;0;0.0022163391;0;0.0014324188;0;0;0;0.072875977;0.0026111603;0.0011072159;0.0014667511;0.0012254715;0.0184021;0;0.0014162064;0.0045204163;0;0.024047852;0.031021118;0.31835938;0;0,1;1;0;0;0;0;0;0;1;0;1;0;0;0;2;1;1;1;3;1;0;3;1;0;1;3;2;0;0,29.0,0.7482566229991789,0.318359375,0.0728759765625,0.19561767578125,0.14075215657552084,0.09295654296875,0.017264497691187364,23.0,15.0,2.0,0.06896551724137931,1.0,1.0,0.034482758620689655,1.0,1.0,0.034482758620689655,1.0,0.0,0.0,0.0
