series_id,patient_id,gt_fracture,baseline_max_confidence,pretrained_max_confidence,baseline_second_confidence,pretrained_second_confidence,baseline_top2_mean,pretrained_top2_mean,baseline_top3_mean,pretrained_top3_mean,baseline_top5_mean,pretrained_top5_mean,baseline_num_detections,pretrained_num_detections,baseline_detected_slices,pretrained_detected_slices,baseline_longest_run_0_05,pretrained_longest_run_0_05,baseline_longest_run_0_10,pretrained_longest_run_0_10,baseline_best_slice,pretrained_best_slice,baseline_best_sop_uid,pretrained_best_sop_uid,delta_max_confidence,baseline_negative_rank,pretrained_negative_rank
902,2380,0,0.99560546875,0.10052490234375,0.76611328125,0.06396484375,0.880859375,0.082244873046875,0.6891276041666666,0.061899820963541664,0.5091064453125,0.0452880859375,950,38,33,21,5,1,2,1,32,6,1.2.392.200036.9116.2.6.1.44063.1811171443.1643941222.209736,1.2.392.200036.9116.2.6.1.44063.1811171443.1643941203.264932,-0.89508056640625,1,44
270967,b013b1327ab19999ea2baeeeba7633af92cee8dac28a833028eba3bd356eb867,0,0.96142578125,0.48828125,0.1859130859375,0.368408203125,0.57366943359375,0.4283447265625,0.4432373046875,0.3487548828125,0.3253173828125,0.2638916015625,831,75,49,37,3,5,2,5,40,41,ID_243f7a900,ID_15da10896,-0.47314453125,2,17
925,239067,0,0.7744140625,0.94091796875,0.21337890625,0.87890625,0.493896484375,0.909912109375,0.3819986979166667,0.8779296875,0.2845947265625,0.80625,689,55,27,23,8,8,8,8,12,22,1.2.392.200036.9116.2.6.1.15596.4012038373.1634392142.887435,1.2.392.200036.9116.2.6.1.15596.4012038373.1634392148.701659,0.16650390625,7,1
6353,848179,0,0.91259765625,0.806640625,0.62060546875,0.62255859375,0.7666015625,0.714599609375,0.5966796875,0.615966796875,0.386279296875,0.48583984375,403,40,16,13,5,5,3,4,4,3,1.2.392.200036.9116.2.6.1.48.1211476691.1505180276.656681,1.2.392.200036.9116.2.6.1.48.1211476691.1505180273.838479,-0.10595703125,3,7
2913,769213,0,0.06982421875,0.90673828125,0.0472412109375,0.08880615234375,0.05853271484375,0.497772216796875,0.052632649739583336,0.3487548828125,0.04521484375,0.216400146484375,341,15,16,9,1,2,0,1,0,14,1.2.392.200036.9116.2.6.1.48.1211476691.1459886450.273752,1.2.392.200036.9116.2.6.1.48.1211476691.1459886460.41224,0.8369140625,57,2
270907,a1b1df8f806e517e6a5f84bdc125d3300921faecd75f297699f8989a3edfb4d6,0,0.1033935546875,0.8935546875,0.0872802734375,0.56787109375,0.0953369140625,0.730712890625,0.09212239583333333,0.64208984375,0.08123779296875,0.502880859375,942,107,48,41,2,3,1,3,3,41,ID_627b095e3,ID_dc3ddae78,0.7901611328125,55,3
271508,637c30082a0b2c420dfc43cfd406660ba5bbfcf11a3dbc7776fb6836756fc385,0,0.37939453125,0.88818359375,0.195556640625,0.046722412109375,0.2874755859375,0.4674530029296875,0.2510986328125,0.3172963460286458,0.1827880859375,0.19404525756835939,803,17,28,8,2,1,1,1,1,7,ID_3c2907ba2,ID_df384cd93,0.5087890625,26,4
271159,1cde93aa0716be039d00b343355852954f0d1d0d999510f6c3be3435e2967d65,0,0.8798828125,0.1571044921875,0.458984375,0.134765625,0.66943359375,0.14593505859375,0.576416015625,0.1046905517578125,0.4089111328125,0.06692962646484375,629,23,27,15,5,1,2,1,7,17,ID_f443f5712,ID_c6a0e7848,-0.7227783203125,4,37
2034,702023,0,0.33203125,0.875,0.267333984375,0.2451171875,0.2996826171875,0.56005859375,0.2567952473958333,0.4171142578125,0.19249267578125,0.265728759765625,383,34,31,19,4,2,2,2,30,13,1.2.392.200036.9116.2.6.1.44063.1811171443.1634526887.344141,1.2.392.200036.9116.2.6.1.44063.1811171443.1634526874.793661,0.54296875,32,5
271313,37aeefb95d856cf81d18642c39b56ae8ddbe6c7929cee040bc246dc20208008c,0,0.85693359375,0.038604736328125,0.82568359375,0.0186920166015625,0.84130859375,0.02864837646484375,0.8035481770833334,0.024525960286458332,0.725,0.0201873779296875,1025,19,35,15,6,0,3,0,31,20,ID_a39d62847,ID_95e10ea73,-0.818328857421875,5,51
9248,89348,0,0.2127685546875,0.8271484375,0.1842041015625,0.5400390625,0.198486328125,0.68359375,0.18400065104166666,0.5701497395833334,0.16142578125,0.4310546875,755,68,29,22,9,3,3,3,20,25,1.2.392.200036.9116.2.6.1.3268.2054351322.1616211826.110140,1.2.392.200036.9116.2.6.1.3268.2054351322.1616211830.14658,0.6143798828125,45,6
272645,5e16ece0af22d218a15094477318ad741cbbd6bb3da62f99b26acb39bc7d9a57,0,0.806640625,0.19189453125,0.5,0.09039306640625,0.6533203125,0.141143798828125,0.58984375,0.1134033203125,0.499951171875,0.088323974609375,960,63,45,32,6,2,6,1,12,28,ID_8cfa774e3,ID_92e1d7209,-0.61474609375,6,33
663,193532,0,0.153076171875,0.80419921875,0.1519775390625,0.33984375,0.15252685546875,0.572021484375,0.13590494791666666,0.4590250651041667,0.11529541015625,0.32696533203125,698,29,31,13,3,5,1,4,2,23,1.2.392.200036.9116.2.6.1.3268.2054351322.1617031463.423202,1.2.392.200036.9116.2.6.1.3268.2054351322.1617031480.95655,0.651123046875,52,8
1032,264685,0,0.75341796875,0.325927734375,0.57958984375,0.236572265625,0.66650390625,0.28125,0.5867513020833334,0.24235026041666666,0.501708984375,0.16805419921875,892,30,29,18,10,2,7,2,18,8,1.2.392.200036.9116.2.6.1.3268.2054351322.1642992379.563297,1.2.392.200036.9116.2.6.1.3268.2054351322.1642992371.452409,-0.427490234375,8,24
272271,4998a2c41f2a938c71d781405c2c44f41779ec3526f3506fd067cffde0f3627d,0,0.299072265625,0.73876953125,0.267333984375,0.1561279296875,0.283203125,0.44744873046875,0.2681070963541667,0.3453776041666667,0.2253662109375,0.224658203125,945,22,32,13,5,3,4,3,6,25,ID_ac570f39a,ID_0154bde6a,0.439697265625,36,9
7006,852382,0,0.36376953125,0.73876953125,0.318359375,0.07080078125,0.341064453125,0.40478515625,0.2536824544270833,0.273590087890625,0.180120849609375,0.1650716781616211,633,7,19,5,2,1,2,1,8,14,1.2.392.200036.9116.2.6.1.48.1211476691.1504439793.512756,1.2.392.200036.9116.2.6.1.48.1211476691.1504439797.582766,0.375,28,10
2947,769338,0,0.71533203125,0.69091796875,0.1812744140625,0.35400390625,0.44830322265625,0.5224609375,0.3397013346354167,0.4374186197916667,0.2392822265625,0.288623046875,536,20,16,10,5,3,2,3,8,10,1.2.392.200036.9116.2.6.1.48.1211476691.1459924668.83288,1.2.392.200036.9116.2.6.1.48.1211476691.1459924668.610410,-0.0244140625,9,12
271208,d103224800bddd812d6d4cc454211dd70fee8ddd8015169acae71384d57af5a3,0,0.71240234375,0.06658935546875,0.49609375,0.038177490234375,0.604248046875,0.0523834228515625,0.5475260416666666,0.045186360677083336,0.432763671875,0.03103790283203125,946,28,33,16,4,1,3,0,12,11,ID_bb49c64cf,ID_40412db07,-0.64581298828125,10,47
1734,597149,0,0.662109375,0.70556640625,0.2220458984375,0.22265625,0.44207763671875,0.464111328125,0.3667399088541667,0.3758544921875,0.2576416015625,0.259710693359375,435,22,16,10,3,4,2,4,3,3,1.2.392.200036.9116.2.6.1.48.1211476691.1503846223.568939,1.2.392.200036.9116.2.6.1.48.1211476691.1503846223.568939,0.04345703125,12,11
7397,855533,0,0.69287109375,0.521484375,0.3056640625,0.057281494140625,0.499267578125,0.2893829345703125,0.4117024739583333,0.19352054595947266,0.29642333984375,0.11672191619873047,365,9,16,6,3,1,2,1,7,12,1.2.392.200036.9116.2.6.1.48.1211476691.1505918946.473326,1.2.392.200036.9116.2.6.1.48.1211476691.1505918951.851311,-0.17138671875,11,15
2368,767281,0,0.65673828125,0.216064453125,0.33447265625,0.01322174072265625,0.49560546875,0.11464309692382812,0.3709716796875,0.07908376057942708,0.25836181640625,0.048598861694335936,485,11,16,7,2,1,2,1,8,0,1.2.392.200036.9116.2.6.1.48.1211476691.1458706068.7714,1.2.392.200036.9116.2.6.1.48.1211476691.1458706061.800174,-0.440673828125,13,29
985,254978,0,0.414794921875,0.640625,0.061187744140625,0.1470947265625,0.2379913330078125,0.39385986328125,0.17388916015625,0.29888916015625,0.118389892578125,0.208135986328125,575,47,28,20,1,2,1,2,2,16,1.2.392.200036.9116.2.6.1.44063.1811171443.1627215004.851573,1.2.392.200036.9116.2.6.1.44063.1811171443.1627215015.505042,0.225830078125,22,13
272468,7facd4e93ae61bc02911e743d0f94711513379e486c254b5981725d360a70d1b,0,0.6259765625,0.10968017578125,0.454345703125,0.07183837890625,0.5401611328125,0.09075927734375,0.4927571614583333,0.08144124348958333,0.3803955078125,0.061065673828125,877,51,33,20,6,2,4,1,23,2,ID_751620d0a,ID_f3fe6fdbc,-0.51629638671875,14,41
2408,767432,0,0.60595703125,0.028656005859375,0.22265625,0.0,0.414306640625,0.0143280029296875,0.3141886393229167,0.009552001953125,0.2014404296875,0.005731201171875,358,1,16,1,2,0,2,0,6,0,1.2.392.200036.9116.2.6.1.48.1211476691.1458799222.873523,1.2.392.200036.9116.2.6.1.48.1211476691.1458799219.282748,-0.577301025390625,15,57
3084,770646,0,0.060516357421875,0.5888671875,0.0416259765625,0.56005859375,0.0510711669921875,0.574462890625,0.047709147135416664,0.4067586263020833,0.03914794921875,0.2710205078125,423,22,16,11,1,2,0,2,15,6,1.2.392.200036.9116.2.6.1.48.1211476691.1460782011.243004,1.2.392.200036.9116.2.6.1.48.1211476691.1460782003.790557,0.528350830078125,58,14
880,231909,0,0.5888671875,0.509765625,0.127685546875,0.1357421875,0.3582763671875,0.32275390625,0.2666219075520833,0.2393798828125,0.1851806640625,0.1445463180541992,436,18,16,6,2,3,1,2,14,6,1.2.392.200036.9116.2.6.1.48.1211476691.1458611469.587241,1.2.392.200036.9116.2.6.1.48.1211476691.1458611462.226176,-0.0791015625,16,16
7248,853930,0,0.57958984375,0.01116180419921875,0.3310546875,0.00653839111328125,0.455322265625,0.00885009765625,0.32794189453125,0.007709503173828125,0.208734130859375,0.005126953125,427,7,16,5,1,0,1,0,1,13,1.2.392.200036.9116.2.6.1.48.1211476691.1505028977.85955,1.2.392.200036.9116.2.6.1.48.1211476691.1505028987.758837,-0.5684280395507812,17,61
1975,692845,0,0.548828125,0.418701171875,0.484375,0.22607421875,0.5166015625,0.3223876953125,0.37158203125,0.24086507161458334,0.246246337890625,0.17073974609375,451,36,28,19,4,2,2,2,12,25,1.2.392.200036.9116.2.6.1.44063.1811171443.1624509685.329385,1.2.392.200036.9116.2.6.1.44063.1811171443.1624509695.76734,-0.130126953125,18,21
1927,686247,0,0.4921875,0.1973876953125,0.4111328125,0.09771728515625,0.45166015625,0.147552490234375,0.4287923177083333,0.12632242838541666,0.31678466796875,0.100018310546875,573,25,26,13,2,2,2,1,11,14,1.3.12.2.1107.5.1.4.92938.30000021120404312402200110049,1.3.12.2.1107.5.1.4.92938.30000021120404312402200110052,-0.2947998046875,19,32
271686,e51544c450893a7be1d0178b08f7ca9c99685006b37ba0841559f5995ad181b2,0,0.37939453125,0.466796875,0.322509765625,0.08038330078125,0.3509521484375,0.273590087890625,0.2826741536458333,0.20107014973958334,0.19735107421875,0.137493896484375,623,48,34,25,4,2,2,1,3,20,ID_09141c364,ID_ff6189246,0.08740234375,27,18
7396,855530,0,0.45703125,0.422607421875,0.21142578125,0.1981201171875,0.334228515625,0.31036376953125,0.2900797526041667,0.25927734375,0.2218017578125,0.1772216796875,429,14,16,10,4,3,2,3,8,10,1.2.392.200036.9116.2.6.1.48.1211476691.1505925340.514902,1.2.392.200036.9116.2.6.1.48.1211476691.1505925341.22575,-0.034423828125,20,20
2336,767131,0,0.2861328125,0.437744140625,0.134765625,0.32421875,0.21044921875,0.3809814453125,0.16495768229166666,0.3558756510416667,0.115985107421875,0.2903564453125,337,38,16,12,2,5,1,5,0,4,1.2.392.200036.9116.2.6.1.48.1211476691.1458602672.73938,1.2.392.200036.9116.2.6.1.48.1211476691.1458602675.153291,0.151611328125,37,19
