series_id,sop_uid,slice_index,gt_box_index,width_at_768,height_at_768,area_at_768,relative_area,baseline_max_iou_at_conf_0_01,baseline_detected_iou_0_5,pretrained_max_iou_at_conf_0_01,pretrained_detected_iou_0_5
2265,1.2.392.200036.9116.2.6.1.48.1211476691.1459317412.897377,7,0,61.5,81.0,4981.5,0.00844573974609375,0.6293283409111761,True,0.0,False
2265,1.2.392.200036.9116.2.6.1.48.1211476691.1459317415.664103,8,0,82.5,102.0,8415.0,0.0142669677734375,0.6786704122977892,True,0.9022043918631176,True
2265,1.2.392.200036.9116.2.6.1.48.1211476691.1459317415.664103,8,1,63.0,81.0,5103.0,0.0086517333984375,0.5854919772778483,True,0.6851378567337201,True
2265,1.2.392.200036.9116.2.6.1.48.1211476691.1459317415.921442,9,0,91.5,102.0,9333.0,0.0158233642578125,0.8649438129024477,True,0.8949574823548966,True
2265,1.2.392.200036.9116.2.6.1.48.1211476691.1459317415.921442,9,1,58.5,49.5,2895.75,0.004909515380859375,0.555622114307858,True,0.04257828602787651,False
2265,1.2.392.200036.9116.2.6.1.48.1211476691.1459317416.189949,10,0,84.0,117.0,9828.0,0.01666259765625,0.7052168559717095,True,0.9285784312374533,True
2265,1.2.392.200036.9116.2.6.1.48.1211476691.1459317416.189949,10,1,67.5,58.5,3948.75,0.006694793701171875,0.45762043819384274,False,0.0,False
2265,1.2.392.200036.9116.2.6.1.48.1211476691.1459317416.447416,11,0,76.5,124.5,9524.25,0.016147613525390625,0.6187482503968961,True,0.7551195441203752,True
2265,1.2.392.200036.9116.2.6.1.48.1211476691.1459317419.399150,12,0,46.5,60.0,2790.0,0.004730224609375,0.005925811832300235,False,0.2607689108557056,False
271623,ID_28fc78afa,18,0,216.0,411.0,88776.0,0.1505126953125,0.0,False,0.0,False
271623,ID_28fc78afa,18,1,147.0,147.0,21609.0,0.0366363525390625,0.0,False,0.0,False
271623,ID_300e4c518,16,0,202.5,316.5,64091.25,0.10866165161132812,0.04479746695875838,False,0.0,False
271623,ID_50ca027bf,24,0,316.5,718.5,227405.25,0.3855476379394531,0.21629752373188274,False,0.0,False
271623,ID_63702e695,19,0,250.5,574.5,143912.25,0.24399185180664062,0.021688581556513938,False,0.0,False
271623,ID_64e60d94a,22,0,322.5,709.5,228813.75,0.3879356384277344,0.038332486858197096,False,0.0,False
271623,ID_6f3ad82e9,23,0,309.0,717.0,221553.0,0.3756256103515625,0.03960677580533777,False,0.0,False
271623,ID_8375bc153,15,0,204.0,274.5,55998.0,0.094940185546875,0.0,False,0.0,False
271623,ID_8375bc153,15,1,15.0,43.5,652.5,0.00110626220703125,0.0,False,0.0,False
271623,ID_8375bc153,15,2,16.5,39.0,643.5,0.00109100341796875,0.0,False,0.0,False
271623,ID_ace47bc32,26,0,225.0,504.0,113400.0,0.1922607421875,0.3234688541260021,False,0.0,False
271623,ID_aeee6d4a0,13,0,204.0,253.5,51714.0,0.087677001953125,0.0,False,0.0,False
271623,ID_aeee6d4a0,13,1,46.5,97.5,4533.75,0.007686614990234375,0.0,False,0.0,False
271623,ID_b17d6d1c3,20,0,264.0,618.0,163152.0,0.276611328125,0.01886584289496911,False,0.0,False
271623,ID_c0b602204,17,0,225.0,367.5,82687.5,0.14019012451171875,0.0,False,0.0,False
271623,ID_dd5b7e476,21,0,252.0,654.0,164808.0,0.2794189453125,0.05267644964325243,False,0.0,False
271623,ID_e22137df9,25,0,250.5,598.5,149924.25,0.2541847229003906,0.34489879584519245,False,0.05272996117535573,False
271623,ID_e47244ee9,12,0,100.5,118.5,11909.25,0.020191192626953125,0.0,False,0.0,False
271623,ID_fb96ca701,14,0,202.5,277.5,56193.75,0.09527206420898438,0.0,False,0.0,False
271623,ID_ffbd2f0f6,27,0,256.5,454.5,116579.25,0.19765090942382812,0.4419850406241494,False,0.0,False
271912,ID_276ca1070,9,0,54.0,54.0,2916.0,0.00494384765625,0.6119935349869134,True,0.0,False
271912,ID_276ca1070,9,1,67.5,57.0,3847.5,0.00652313232421875,0.6184522564949041,True,0.13497216479121474,False
271912,ID_93170ae81,11,0,66.0,90.0,5940.0,0.01007080078125,0.5695734760862391,True,0.6744074820101874,True
271912,ID_a152b2bc8,8,0,76.5,66.0,5049.0,0.0085601806640625,0.4591801751425243,False,0.09052559210840977,False
271912,ID_b592d398e,10,0,73.5,94.5,6945.75,0.011775970458984375,0.4800777453838678,False,0.0,False
271912,ID_b592d398e,10,1,58.5,66.0,3861.0,0.0065460205078125,0.0887096335504443,False,0.0,False
271912,ID_cb9cfd5f1,7,0,100.5,88.5,8894.25,0.015079498291015625,0.5211024443434106,True,0.14707195160665673,False
272528,ID_012c01409,18,0,81.0,63.0,5103.0,0.0086517333984375,0.6149733021528724,True,0.5510857064366979,True
272528,ID_07cea34d2,22,0,79.5,96.0,7632.0,0.012939453125,0.0,False,0.7996849119649574,True
272528,ID_1c5d571e3,11,0,105.0,105.0,11025.0,0.0186920166015625,0.0,False,0.3183176934015483,False
272528,ID_3b9f9f68f,10,0,94.5,100.5,9497.25,0.016101837158203125,0.0,False,0.7551415932210549,True
272528,ID_51d5dd43a,14,0,55.5,49.5,2747.25,0.004657745361328125,0.8269692598114745,True,0.7783103173001747,True
272528,ID_90d014f6c,17,0,58.5,48.0,2808.0,0.0047607421875,0.820976072844659,True,0.8312367945217743,True
272528,ID_a1f4a15b2,23,0,106.5,118.5,12620.25,0.021396636962890625,0.012334484091302405,False,0.7874916562294592,True
272528,ID_a218c57ce,12,0,73.5,82.5,6063.75,0.010280609130859375,0.47592952462866095,False,0.047318055078736064,False
272528,ID_a218c57ce,12,1,60.0,66.0,3960.0,0.0067138671875,0.0,False,0.6136363636363636,True
272528,ID_a7091a0d5,15,0,64.5,58.5,3773.25,0.006397247314453125,0.7097851538296647,True,0.627654262042979,True
272528,ID_b063015ac,20,0,75.0,106.5,7987.5,0.01354217529296875,0.0,False,0.582992439394946,True
272528,ID_b063015ac,20,1,66.0,70.5,4653.0,0.0078887939453125,0.7135717956424912,True,0.6400441709395617,True
272528,ID_b71df6eef,19,0,108.0,90.0,9720.0,0.0164794921875,0.3298354588418281,False,0.14494718489643307,False
272528,ID_bbd1ba6d1,21,0,85.5,114.0,9747.0,0.0165252685546875,0.0,False,0.42684918402941185,False
272528,ID_bbd1ba6d1,21,1,105.0,84.0,8820.0,0.01495361328125,0.0,False,0.16180562180113972,False
272528,ID_d62301c4f,16,0,58.5,49.5,2895.75,0.004909515380859375,0.8121651144474583,True,0.7247836781771949,True
272528,ID_eef681a26,13,0,73.5,51.0,3748.5,0.00635528564453125,0.7106708404449368,True,0.6170666477182152,True
3796,1.2.392.200036.9116.2.6.1.48.1211476691.1462677383.984014,4,0,70.5,75.0,5287.5,0.00896453857421875,0.0,False,0.0,False
3796,1.2.392.200036.9116.2.6.1.48.1211476691.1462677383.984014,4,1,58.5,48.0,2808.0,0.0047607421875,0.0,False,0.0,False
3796,1.2.392.200036.9116.2.6.1.48.1211476691.1462677384.243387,5,0,66.0,75.0,4950.0,0.008392333984375,0.0,False,0.0,False
3796,1.2.392.200036.9116.2.6.1.48.1211476691.1462677384.243387,5,1,49.5,46.5,2301.75,0.003902435302734375,0.0,False,0.0,False
3796,1.2.392.200036.9116.2.6.1.48.1211476691.1462677384.509547,6,0,55.5,49.5,2747.25,0.004657745361328125,0.0,False,0.0,False
3796,1.2.392.200036.9116.2.6.1.48.1211476691.1462677384.769054,7,0,64.5,57.0,3676.5,0.00623321533203125,0.0,False,0.5765702187720536,True
3796,1.2.392.200036.9116.2.6.1.48.1211476691.1462677387.552814,8,0,84.0,91.5,7686.0,0.013031005859375,0.05261140469840568,False,0.8044377637487468,True
3796,1.2.392.200036.9116.2.6.1.48.1211476691.1462677387.552814,8,1,97.5,90.0,8775.0,0.0148773193359375,0.3899715082325901,False,0.6633607041123067,True
3796,1.2.392.200036.9116.2.6.1.48.1211476691.1462677387.808488,9,0,96.0,82.5,7920.0,0.013427734375,0.0,False,0.7176854598238248,True
9244,1.2.392.200036.9116.2.6.1.44063.1811171443.1620787853.969050,13,0,78.0,94.5,7371.0,0.0124969482421875,0.1444918578931878,False,0.0,False
9244,1.2.392.200036.9116.2.6.1.44063.1811171443.1620787853.969050,13,1,88.5,100.5,8894.25,0.015079498291015625,0.36517974410027965,False,0.0,False
9244,1.2.392.200036.9116.2.6.1.44063.1811171443.1620787854.583647,14,0,90.0,111.0,9990.0,0.016937255859375,0.33459714731056794,False,0.0,False
9244,1.2.392.200036.9116.2.6.1.44063.1811171443.1620787854.583647,14,1,100.5,90.0,9045.0,0.0153350830078125,0.3529022520454369,False,0.0,False
9244,1.2.392.200036.9116.2.6.1.44063.1811171443.1620787856.135935,15,0,88.5,103.5,9159.75,0.015529632568359375,0.16560148617981238,False,0.0,False
9244,1.2.392.200036.9116.2.6.1.44063.1811171443.1620787856.135935,15,1,94.5,94.5,8930.25,0.015140533447265625,0.0,False,0.0,False
9244,1.2.392.200036.9116.2.6.1.44063.1811171443.1620787857.240493,16,0,84.0,88.5,7434.0,0.012603759765625,0.14060802778588086,False,0.0,False
9244,1.2.392.200036.9116.2.6.1.44063.1811171443.1620787857.240493,16,1,84.0,85.5,7182.0,0.012176513671875,0.0,False,0.0,False
9244,1.2.392.200036.9116.2.6.1.44063.1811171443.1620787857.816566,17,0,100.5,120.0,12060.0,0.02044677734375,0.2172735663652331,False,0.0,False
9244,1.2.392.200036.9116.2.6.1.44063.1811171443.1620787857.816566,17,1,117.0,109.5,12811.5,0.02172088623046875,0.0,False,0.0,False
9244,1.2.392.200036.9116.2.6.1.44063.1811171443.1620787858.416904,18,0,114.0,157.5,17955.0,0.0304412841796875,0.0,False,0.0,False
9244,1.2.392.200036.9116.2.6.1.44063.1811171443.1620787858.416904,18,1,132.0,106.5,14058.0,0.023834228515625,0.0,False,0.3821314042282056,False
9244,1.2.392.200036.9116.2.6.1.44063.1811171443.1620787859.514057,19,0,106.5,132.0,14058.0,0.023834228515625,0.26413020503064893,False,0.19125916087271985,False
9244,1.2.392.200036.9116.2.6.1.44063.1811171443.1620787859.514057,19,1,129.0,132.0,17028.0,0.02886962890625,0.0,False,0.0,False
9244,1.2.392.200036.9116.2.6.1.44063.1811171443.1620787860.100345,20,0,108.0,127.5,13770.0,0.023345947265625,0.0,False,0.46666679382324217,False
9244,1.2.392.200036.9116.2.6.1.44063.1811171443.1620787860.100345,20,1,138.0,121.5,16767.0,0.0284271240234375,0.0,False,0.3802110607497358,False
9244,1.2.392.200036.9116.2.6.1.44063.1811171443.1620787860.643573,21,0,102.0,123.0,12546.0,0.021270751953125,0.0,False,0.1818642977680264,False
9244,1.2.392.200036.9116.2.6.1.44063.1811171443.1620787860.643573,21,1,84.0,93.0,7812.0,0.01324462890625,0.0,False,0.6000631085765794,True
