series_id,patient_id,gt_fracture,baseline_max_confidence,pretrained_max_confidence,baseline_second_confidence,pretrained_second_confidence,baseline_top2_mean,pretrained_top2_mean,baseline_top3_mean,pretrained_top3_mean,baseline_top5_mean,pretrained_top5_mean,baseline_num_detections,pretrained_num_detections,baseline_detected_slices,pretrained_detected_slices,baseline_longest_run_0_05,pretrained_longest_run_0_05,baseline_longest_run_0_10,pretrained_longest_run_0_10,baseline_best_slice,pretrained_best_slice,baseline_best_sop_uid,pretrained_best_sop_uid,delta_max_confidence
1032,264685,0,0.75341796875,0.325927734375,0.57958984375,0.236572265625,0.66650390625,0.28125,0.5867513020833334,0.24235026041666666,0.501708984375,0.16805419921875,892,30,29,18,10,2,7,2,18,8,1.2.392.200036.9116.2.6.1.3268.2054351322.1642992379.563297,1.2.392.200036.9116.2.6.1.3268.2054351322.1642992371.452409,-0.427490234375
1033,264685,0,0.226806640625,0.2861328125,0.127197265625,0.042083740234375,0.177001953125,0.1641082763671875,0.15034993489583334,0.11437225341796875,0.12227783203125,0.07371978759765625,612,22,27,16,3,1,1,1,13,23,1.2.392.200036.9116.2.6.1.3268.2054351322.1643241329.682273,1.2.392.200036.9116.2.6.1.3268.2054351322.1643241340.838028,0.059326171875
1164,330957,0,0.1871337890625,0.24365234375,0.07781982421875,0.127685546875,0.132476806640625,0.1856689453125,0.11360677083333333,0.16190592447916666,0.095703125,0.13121337890625,758,58,32,21,3,4,1,2,30,7,1.3.12.2.1107.5.1.4.92938.30000021042914004790000008440,1.3.12.2.1107.5.1.4.92938.30000021042914004790000008417,0.0565185546875
1734,597149,0,0.662109375,0.70556640625,0.2220458984375,0.22265625,0.44207763671875,0.464111328125,0.3667399088541667,0.3758544921875,0.2576416015625,0.259710693359375,435,22,16,10,3,4,2,4,3,3,1.2.392.200036.9116.2.6.1.48.1211476691.1503846223.568939,1.2.392.200036.9116.2.6.1.48.1211476691.1503846223.568939,0.04345703125
1927,686247,0,0.4921875,0.1973876953125,0.4111328125,0.09771728515625,0.45166015625,0.147552490234375,0.4287923177083333,0.12632242838541666,0.31678466796875,0.100018310546875,573,25,26,13,2,2,2,1,11,14,1.3.12.2.1107.5.1.4.92938.30000021120404312402200110049,1.3.12.2.1107.5.1.4.92938.30000021120404312402200110052,-0.2947998046875
1975,692845,0,0.548828125,0.418701171875,0.484375,0.22607421875,0.5166015625,0.3223876953125,0.37158203125,0.24086507161458334,0.246246337890625,0.17073974609375,451,36,28,19,4,2,2,2,12,25,1.2.392.200036.9116.2.6.1.44063.1811171443.1624509685.329385,1.2.392.200036.9116.2.6.1.44063.1811171443.1624509695.76734,-0.130126953125
1996,695481,0,0.195556640625,0.06304931640625,0.1357421875,0.047607421875,0.1656494140625,0.055328369140625,0.14725748697916666,0.044484456380208336,0.11778564453125,0.03292388916015625,529,22,30,15,3,1,2,0,0,8,1.2.392.200036.9116.2.6.1.44063.1811171443.1627309616.502092,1.2.392.200036.9116.2.6.1.44063.1811171443.1627309622.919185,-0.13250732421875
1997,695481,0,0.276611328125,0.09912109375,0.11920166015625,0.06512451171875,0.197906494140625,0.082122802734375,0.148223876953125,0.07061767578125,0.10411376953125,0.04654998779296875,376,25,27,15,1,1,1,0,1,3,1.2.392.200036.9116.2.6.1.44063.1811171443.1627344845.771495,1.2.392.200036.9116.2.6.1.44063.1811171443.1627344847.72444,-0.177490234375
1999,695481,0,0.055419921875,0.059661865234375,0.053192138671875,0.05242919921875,0.0543060302734375,0.0560455322265625,0.052734375,0.053232828776041664,0.0448455810546875,0.0429779052734375,369,26,28,11,1,2,0,0,19,15,1.2.392.200036.9116.2.6.1.44063.1811171443.1627781500.901032,1.2.392.200036.9116.2.6.1.44063.1811171443.1627781497.600987,0.004241943359375
2034,702023,0,0.33203125,0.875,0.267333984375,0.2451171875,0.2996826171875,0.56005859375,0.2567952473958333,0.4171142578125,0.19249267578125,0.265728759765625,383,34,31,19,4,2,2,2,30,13,1.2.392.200036.9116.2.6.1.44063.1811171443.1634526887.344141,1.2.392.200036.9116.2.6.1.44063.1811171443.1634526874.793661,0.54296875
2046,705206,0,0.0208892822265625,0.11199951171875,0.0185394287109375,0.043853759765625,0.01971435546875,0.0779266357421875,0.01751708984375,0.0587005615234375,0.015283203125,0.04085235595703125,280,14,16,11,0,1,0,1,14,6,1.2.392.200036.9116.2.6.1.48.1211476691.1459743951.335415,1.2.392.200036.9116.2.6.1.48.1211476691.1459743945.155492,0.0911102294921875
2265,765202,1,0.85205078125,0.95703125,0.7578125,0.85888671875,0.804931640625,0.907958984375,0.7390950520833334,0.8819986979166666,0.627685546875,0.676171875,881,39,16,12,6,5,6,5,10,9,1.2.392.200036.9116.2.6.1.48.1211476691.1459317416.189949,1.2.392.200036.9116.2.6.1.48.1211476691.1459317415.921442,0.10498046875
2336,767131,0,0.2861328125,0.437744140625,0.134765625,0.32421875,0.21044921875,0.3809814453125,0.16495768229166666,0.3558756510416667,0.115985107421875,0.2903564453125,337,38,16,12,2,5,1,5,0,4,1.2.392.200036.9116.2.6.1.48.1211476691.1458602672.73938,1.2.392.200036.9116.2.6.1.48.1211476691.1458602675.153291,0.151611328125
2368,767281,0,0.65673828125,0.216064453125,0.33447265625,0.01322174072265625,0.49560546875,0.11464309692382812,0.3709716796875,0.07908376057942708,0.25836181640625,0.048598861694335936,485,11,16,7,2,1,2,1,8,0,1.2.392.200036.9116.2.6.1.48.1211476691.1458706068.7714,1.2.392.200036.9116.2.6.1.48.1211476691.1458706061.800174,-0.440673828125
2408,767432,0,0.60595703125,0.028656005859375,0.22265625,0.0,0.414306640625,0.0143280029296875,0.3141886393229167,0.009552001953125,0.2014404296875,0.005731201171875,358,1,16,1,2,0,2,0,6,0,1.2.392.200036.9116.2.6.1.48.1211476691.1458799222.873523,1.2.392.200036.9116.2.6.1.48.1211476691.1458799219.282748,-0.577301025390625
2437,767504,0,0.0809326171875,0.2069091796875,0.08062744140625,0.182373046875,0.080780029296875,0.19464111328125,0.0770263671875,0.17622884114583334,0.0580078125,0.145703125,310,29,15,14,1,1,0,1,0,4,1.2.392.200036.9116.2.6.1.48.1211476691.1458835252.152748,1.2.392.200036.9116.2.6.1.48.1211476691.1458835255.711239,0.1259765625
2589,768104,0,0.1571044921875,0.167724609375,0.12548828125,0.1041259765625,0.14129638671875,0.13592529296875,0.11806233723958333,0.093231201171875,0.0811859130859375,0.057740402221679685,419,10,16,7,1,1,1,1,8,3,1.2.392.200036.9116.2.6.1.48.1211476691.1459245770.74751,1.2.392.200036.9116.2.6.1.48.1211476691.1459245763.709063,0.0106201171875
270818,5e14e35deb5f2d63ad55ac4e358a0243224b92e2925a97dca1d07f5bb94f9476,0,0.312255859375,0.315673828125,0.25537109375,0.2421875,0.2838134765625,0.2789306640625,0.26806640625,0.23531087239583334,0.2406982421875,0.1756591796875,784,54,32,23,10,4,6,4,18,12,ID_8087de788,ID_ad65f2c0a,0.00341796875
270872,eb706499d1c3d53477dea54cb1fec38402488907df08bb3a378dd2567bb9b978,0,0.1280517578125,0.0179901123046875,0.08209228515625,0.01056671142578125,0.105072021484375,0.014278411865234375,0.0916748046875,0.012987772623697916,0.07769775390625,0.008253860473632812,664,9,27,4,3,0,1,0,8,5,ID_df8fab8fe,ID_351a273e1,-0.1100616455078125
270907,a1b1df8f806e517e6a5f84bdc125d3300921faecd75f297699f8989a3edfb4d6,0,0.1033935546875,0.8935546875,0.0872802734375,0.56787109375,0.0953369140625,0.730712890625,0.09212239583333333,0.64208984375,0.08123779296875,0.502880859375,942,107,48,41,2,3,1,3,3,41,ID_627b095e3,ID_dc3ddae78,0.7901611328125
270967,b013b1327ab19999ea2baeeeba7633af92cee8dac28a833028eba3bd356eb867,0,0.96142578125,0.48828125,0.1859130859375,0.368408203125,0.57366943359375,0.4283447265625,0.4432373046875,0.3487548828125,0.3253173828125,0.2638916015625,831,75,49,37,3,5,2,5,40,41,ID_243f7a900,ID_15da10896,-0.47314453125
271013,da75522da98102ec45438af8b82387833b4b520fd65519615a79d1628e462cbc,0,0.42822265625,0.19873046875,0.385009765625,0.0305633544921875,0.4066162109375,0.11464691162109375,0.352783203125,0.0859832763671875,0.2858154296875,0.0606964111328125,915,38,37,23,4,1,2,1,8,30,ID_d5f300b90,ID_0923a59c6,-0.2294921875
271159,1cde93aa0716be039d00b343355852954f0d1d0d999510f6c3be3435e2967d65,0,0.8798828125,0.1571044921875,0.458984375,0.134765625,0.66943359375,0.14593505859375,0.576416015625,0.1046905517578125,0.4089111328125,0.06692962646484375,629,23,27,15,5,1,2,1,7,17,ID_f443f5712,ID_c6a0e7848,-0.7227783203125
271208,d103224800bddd812d6d4cc454211dd70fee8ddd8015169acae71384d57af5a3,0,0.71240234375,0.06658935546875,0.49609375,0.038177490234375,0.604248046875,0.0523834228515625,0.5475260416666666,0.045186360677083336,0.432763671875,0.03103790283203125,946,28,33,16,4,1,3,0,12,11,ID_bb49c64cf,ID_40412db07,-0.64581298828125
271313,37aeefb95d856cf81d18642c39b56ae8ddbe6c7929cee040bc246dc20208008c,0,0.85693359375,0.038604736328125,0.82568359375,0.0186920166015625,0.84130859375,0.02864837646484375,0.8035481770833334,0.024525960286458332,0.725,0.0201873779296875,1025,19,35,15,6,0,3,0,31,20,ID_a39d62847,ID_95e10ea73,-0.818328857421875
271335,256341a239f09350f7ed9b0078648d60d2f4216c601ce75aaa0d89adc948c845,0,0.350341796875,0.03515625,0.06829833984375,0.0323486328125,0.209320068359375,0.03375244140625,0.157684326171875,0.028203328450520832,0.10947265625,0.0219635009765625,506,20,31,12,1,0,1,0,7,24,ID_a87339fec,ID_d32de660f,-0.315185546875
271508,637c30082a0b2c420dfc43cfd406660ba5bbfcf11a3dbc7776fb6836756fc385,0,0.37939453125,0.88818359375,0.195556640625,0.046722412109375,0.2874755859375,0.4674530029296875,0.2510986328125,0.3172963460286458,0.1827880859375,0.19404525756835939,803,17,28,8,2,1,1,1,1,7,ID_3c2907ba2,ID_df384cd93,0.5087890625
271623,95fd74c952aa692b87ab414ebf818ecc073eb43b1ea0ddb7f062393ac6f4eb8c,1,0.282958984375,0.07720947265625,0.1365966796875,0.047943115234375,0.20977783203125,0.0625762939453125,0.18448893229166666,0.053741455078125,0.1598388671875,0.03970184326171875,373,34,34,18,3,1,2,0,8,25,ID_ea3d72eb9,ID_e22137df9,-0.20574951171875
271686,e51544c450893a7be1d0178b08f7ca9c99685006b37ba0841559f5995ad181b2,0,0.37939453125,0.466796875,0.322509765625,0.08038330078125,0.3509521484375,0.273590087890625,0.2826741536458333,0.20107014973958334,0.19735107421875,0.137493896484375,623,48,34,25,4,2,2,1,3,20,ID_09141c364,ID_ff6189246,0.08740234375
271912,110ec596f9ba448ad8d35a05eed254e00a1a6fc00ebf2bba8b562c58564068b7,1,0.65478515625,0.7568359375,0.56005859375,0.61962890625,0.607421875,0.688232421875,0.55859375,0.5531412760416666,0.509521484375,0.37935791015625,1047,81,29,24,15,4,9,4,21,21,ID_495ae3790,ID_495ae3790,0.10205078125
272221,e63f1c09a268cdfc2d5cc0c1aff79f0ee820c20bbd0fdd6bf11d3bb3086c4965,0,0.19189453125,0.12939453125,0.18359375,0.0966796875,0.187744140625,0.113037109375,0.1844482421875,0.09975179036458333,0.1550048828125,0.06498565673828124,781,24,31,11,3,2,1,1,30,7,ID_35007f540,ID_877e11b11,-0.0625
272271,4998a2c41f2a938c71d781405c2c44f41779ec3526f3506fd067cffde0f3627d,0,0.299072265625,0.73876953125,0.267333984375,0.1561279296875,0.283203125,0.44744873046875,0.2681070963541667,0.3453776041666667,0.2253662109375,0.224658203125,945,22,32,13,5,3,4,3,6,25,ID_ac570f39a,ID_0154bde6a,0.439697265625
272468,7facd4e93ae61bc02911e743d0f94711513379e486c254b5981725d360a70d1b,0,0.6259765625,0.10968017578125,0.454345703125,0.07183837890625,0.5401611328125,0.09075927734375,0.4927571614583333,0.08144124348958333,0.3803955078125,0.061065673828125,877,51,33,20,6,2,4,1,23,2,ID_751620d0a,ID_f3fe6fdbc,-0.51629638671875
272528,8021fd1fe9a067d4aec4859ab18f2a985d22eab8e7ae8683f2287e783bef0b32,1,0.9990234375,0.7373046875,0.97119140625,0.62451171875,0.985107421875,0.680908203125,0.9724934895833334,0.662109375,0.9400390625,0.59375,606,70,30,22,8,6,8,6,16,23,ID_d62301c4f,ID_a1f4a15b2,-0.26171875
272645,5e16ece0af22d218a15094477318ad741cbbd6bb3da62f99b26acb39bc7d9a57,0,0.806640625,0.19189453125,0.5,0.09039306640625,0.6533203125,0.141143798828125,0.58984375,0.1134033203125,0.499951171875,0.088323974609375,960,63,45,32,6,2,6,1,12,28,ID_8cfa774e3,ID_92e1d7209,-0.61474609375
2840,768963,0,0.235107421875,0.09637451171875,0.09637451171875,0.01433563232421875,0.165740966796875,0.055355072021484375,0.13905843098958334,0.039459228515625,0.106829833984375,0.025125885009765626,443,9,16,8,5,1,1,0,5,3,1.2.392.200036.9116.2.6.1.48.1211476691.1459752023.440395,1.2.392.200036.9116.2.6.1.48.1211476691.1459752020.406947,-0.13873291015625
2910,769210,0,0.1417236328125,0.0304412841796875,0.13427734375,0.027069091796875,0.13800048828125,0.02875518798828125,0.13187662760416666,0.020133336385091145,0.11898193359375,0.01296844482421875,801,12,16,5,7,0,1,0,11,6,1.2.392.200036.9116.2.6.1.48.1211476691.1459856862.175249,1.2.392.200036.9116.2.6.1.48.1211476691.1459856858.351030,-0.1112823486328125
2913,769213,0,0.06982421875,0.90673828125,0.0472412109375,0.08880615234375,0.05853271484375,0.497772216796875,0.052632649739583336,0.3487548828125,0.04521484375,0.216400146484375,341,15,16,9,1,2,0,1,0,14,1.2.392.200036.9116.2.6.1.48.1211476691.1459886450.273752,1.2.392.200036.9116.2.6.1.48.1211476691.1459886460.41224,0.8369140625
2947,769338,0,0.71533203125,0.69091796875,0.1812744140625,0.35400390625,0.44830322265625,0.5224609375,0.3397013346354167,0.4374186197916667,0.2392822265625,0.288623046875,536,20,16,10,5,3,2,3,8,10,1.2.392.200036.9116.2.6.1.48.1211476691.1459924668.83288,1.2.392.200036.9116.2.6.1.48.1211476691.1459924668.610410,-0.0244140625
3053,770488,0,0.1800537109375,0.042877197265625,0.11676025390625,0.015960693359375,0.148406982421875,0.0294189453125,0.12288411458333333,0.022216796875,0.098260498046875,0.014539337158203125,364,17,16,9,3,0,1,0,15,4,1.2.392.200036.9116.2.6.1.48.1211476691.1460556955.231296,1.2.392.200036.9116.2.6.1.48.1211476691.1460556948.50242,-0.137176513671875
3084,770646,0,0.060516357421875,0.5888671875,0.0416259765625,0.56005859375,0.0510711669921875,0.574462890625,0.047709147135416664,0.4067586263020833,0.03914794921875,0.2710205078125,423,22,16,11,1,2,0,2,15,6,1.2.392.200036.9116.2.6.1.48.1211476691.1460782011.243004,1.2.392.200036.9116.2.6.1.48.1211476691.1460782003.790557,0.528350830078125
3796,774302,1,0.1412353515625,0.94873046875,0.1070556640625,0.66357421875,0.1241455078125,0.80615234375,0.10823567708333333,0.6897786458333334,0.0813446044921875,0.528955078125,340,31,16,12,1,4,1,4,4,8,1.2.392.200036.9116.2.6.1.48.1211476691.1462677383.984014,1.2.392.200036.9116.2.6.1.48.1211476691.1462677387.552814,0.8074951171875
556,158377,0,0.392333984375,0.01450347900390625,0.0560302734375,0.00634002685546875,0.22418212890625,0.0104217529296875,0.15657552083333334,0.0078080495198567705,0.102032470703125,0.00501708984375,343,7,16,4,1,0,1,0,14,4,1.2.392.200036.9116.2.6.1.48.1211476691.1505153155.493074,1.2.392.200036.9116.2.6.1.48.1211476691.1505153148.818596,-0.37783050537109375
6353,848179,0,0.91259765625,0.806640625,0.62060546875,0.62255859375,0.7666015625,0.714599609375,0.5966796875,0.615966796875,0.386279296875,0.48583984375,403,40,16,13,5,5,3,4,4,3,1.2.392.200036.9116.2.6.1.48.1211476691.1505180276.656681,1.2.392.200036.9116.2.6.1.48.1211476691.1505180273.838479,-0.10595703125
663,193532,0,0.153076171875,0.80419921875,0.1519775390625,0.33984375,0.15252685546875,0.572021484375,0.13590494791666666,0.4590250651041667,0.11529541015625,0.32696533203125,698,29,31,13,3,5,1,4,2,23,1.2.392.200036.9116.2.6.1.3268.2054351322.1617031463.423202,1.2.392.200036.9116.2.6.1.3268.2054351322.1617031480.95655,0.651123046875
6665,850340,0,0.326904296875,0.1041259765625,0.1436767578125,0.048309326171875,0.23529052734375,0.0762176513671875,0.19942220052083334,0.054707845052083336,0.15272216796875,0.03428382873535156,461,19,16,9,3,1,2,1,9,0,1.2.392.200036.9116.2.6.1.48.1211476691.1503717332.740955,1.2.392.200036.9116.2.6.1.48.1211476691.1503717326.357416,-0.2227783203125
673,197290,0,0.045013427734375,0.33984375,0.0352783203125,0.041778564453125,0.0401458740234375,0.1908111572265625,0.037872314453125,0.13144938151041666,0.0350433349609375,0.08157501220703126,639,20,35,13,0,1,0,1,8,7,1.2.392.200036.9116.2.6.1.3268.2054351322.1618281050.550608,1.2.392.200036.9116.2.6.1.3268.2054351322.1618281048.774751,0.294830322265625
6746,850685,0,0.057281494140625,0.035675048828125,0.0526123046875,0.0296478271484375,0.0549468994140625,0.03266143798828125,0.0516357421875,0.028249104817708332,0.04814453125,0.02086181640625,458,20,16,8,1,0,0,0,12,5,1.2.392.200036.9116.2.6.1.48.1211476691.1503976167.288178,1.2.392.200036.9116.2.6.1.48.1211476691.1503976160.415507,-0.0216064453125
6804,851006,0,0.32421875,0.1217041015625,0.1470947265625,0.015777587890625,0.23565673828125,0.0687408447265625,0.19303385416666666,0.0500030517578125,0.1338134765625,0.03312835693359375,301,11,16,8,2,1,2,1,11,5,1.2.392.200036.9116.2.6.1.48.1211476691.1503559707.816658,1.2.392.200036.9116.2.6.1.48.1211476691.1503559703.723836,-0.2025146484375
6995,852256,0,0.383056640625,0.414794921875,0.2421875,0.06512451171875,0.3126220703125,0.239959716796875,0.2607828776041667,0.1668548583984375,0.1857421875,0.10363082885742188,720,10,16,7,5,1,3,1,13,3,1.2.392.200036.9116.2.6.1.48.1211476691.1504169566.945659,1.2.392.200036.9116.2.6.1.48.1211476691.1504169556.764368,0.03173828125
7006,852382,0,0.36376953125,0.73876953125,0.318359375,0.07080078125,0.341064453125,0.40478515625,0.2536824544270833,0.273590087890625,0.180120849609375,0.1650716781616211,633,7,19,5,2,1,2,1,8,14,1.2.392.200036.9116.2.6.1.48.1211476691.1504439793.512756,1.2.392.200036.9116.2.6.1.48.1211476691.1504439797.582766,0.375
704,205139,0,0.3876953125,0.16455078125,0.2108154296875,0.0083160400390625,0.29925537109375,0.08643341064453125,0.2308349609375,0.060373942057291664,0.16968994140625,0.03736724853515625,423,9,16,8,2,1,2,1,8,4,1.2.392.200036.9116.2.6.1.48.1211476691.1505137871.605095,1.2.392.200036.9116.2.6.1.48.1211476691.1505137868.50811,-0.22314453125
7045,852757,0,0.355712890625,0.005062103271484375,0.0703125,0.003482818603515625,0.2130126953125,0.0042724609375,0.158355712890625,0.003939310709635417,0.110809326171875,0.0033496856689453126,374,11,16,7,2,0,1,0,1,0,1.2.392.200036.9116.2.6.1.48.1211476691.1504433745.252252,1.2.392.200036.9116.2.6.1.48.1211476691.1504433744.991449,-0.3506507873535156
7107,853068,0,0.1943359375,0.1026611328125,0.118408203125,0.0294189453125,0.1563720703125,0.0660400390625,0.11478678385416667,0.047312418619791664,0.0764190673828125,0.03137969970703125,374,20,16,9,1,1,1,1,4,6,1.2.392.200036.9116.2.6.1.48.1211476691.1504588306.43502,1.2.392.200036.9116.2.6.1.48.1211476691.1504588306.571396,-0.0916748046875
7159,853371,0,0.24365234375,0.0301055908203125,0.1490478515625,0.0252685546875,0.19635009765625,0.02768707275390625,0.16861979166666666,0.024225870768229168,0.1394775390625,0.01822052001953125,535,18,16,13,8,0,2,0,6,3,1.2.392.200036.9116.2.6.1.48.1211476691.1504743681.108248,1.2.392.200036.9116.2.6.1.48.1211476691.1504743677.801485,-0.2135467529296875
7248,853930,0,0.57958984375,0.01116180419921875,0.3310546875,0.00653839111328125,0.455322265625,0.00885009765625,0.32794189453125,0.007709503173828125,0.208734130859375,0.005126953125,427,7,16,5,1,0,1,0,1,13,1.2.392.200036.9116.2.6.1.48.1211476691.1505028977.85955,1.2.392.200036.9116.2.6.1.48.1211476691.1505028987.758837,-0.5684280395507812
7332,855265,0,0.35498046875,0.03607177734375,0.1865234375,0.0274810791015625,0.270751953125,0.03177642822265625,0.2186279296875,0.027109781901041668,0.172509765625,0.02075347900390625,478,13,16,8,4,0,2,0,7,3,1.2.392.200036.9116.2.6.1.48.1211476691.1505787773.601943,1.2.392.200036.9116.2.6.1.48.1211476691.1505787770.34768,-0.31890869140625
7396,855530,0,0.45703125,0.422607421875,0.21142578125,0.1981201171875,0.334228515625,0.31036376953125,0.2900797526041667,0.25927734375,0.2218017578125,0.1772216796875,429,14,16,10,4,3,2,3,8,10,1.2.392.200036.9116.2.6.1.48.1211476691.1505925340.514902,1.2.392.200036.9116.2.6.1.48.1211476691.1505925341.22575,-0.034423828125
7397,855533,0,0.69287109375,0.521484375,0.3056640625,0.057281494140625,0.499267578125,0.2893829345703125,0.4117024739583333,0.19352054595947266,0.29642333984375,0.11672191619873047,365,9,16,6,3,1,2,1,7,12,1.2.392.200036.9116.2.6.1.48.1211476691.1505918946.473326,1.2.392.200036.9116.2.6.1.48.1211476691.1505918951.851311,-0.17138671875
7428,855665,0,0.24072265625,0.1634521484375,0.12420654296875,0.039337158203125,0.182464599609375,0.1013946533203125,0.1531982421875,0.07781982421875,0.104498291015625,0.05053558349609375,405,23,16,10,1,1,1,1,4,6,1.2.392.200036.9116.2.6.1.48.1211476691.1505996921.36637,1.2.392.200036.9116.2.6.1.48.1211476691.1505996921.569339,-0.0772705078125
834,223151,0,0.26806640625,0.01560211181640625,0.1375732421875,0.0087432861328125,0.20281982421875,0.012172698974609375,0.16451009114583334,0.009285608927408854,0.126416015625,0.006515884399414062,440,7,16,5,2,0,1,0,10,2,1.2.392.200036.9116.2.6.1.48.1211476691.1506072824.725376,1.2.392.200036.9116.2.6.1.48.1211476691.1506072818.561529,-0.25246429443359375
880,231909,0,0.5888671875,0.509765625,0.127685546875,0.1357421875,0.3582763671875,0.32275390625,0.2666219075520833,0.2393798828125,0.1851806640625,0.1445463180541992,436,18,16,6,2,3,1,2,14,6,1.2.392.200036.9116.2.6.1.48.1211476691.1458611469.587241,1.2.392.200036.9116.2.6.1.48.1211476691.1458611462.226176,-0.0791015625
902,2380,0,0.99560546875,0.10052490234375,0.76611328125,0.06396484375,0.880859375,0.082244873046875,0.6891276041666666,0.061899820963541664,0.5091064453125,0.0452880859375,950,38,33,21,5,1,2,1,32,6,1.2.392.200036.9116.2.6.1.44063.1811171443.1643941222.209736,1.2.392.200036.9116.2.6.1.44063.1811171443.1643941203.264932,-0.89508056640625
9244,88028,1,0.9443359375,0.235107421875,0.3408203125,0.13525390625,0.642578125,0.1851806640625,0.5353190104166666,0.16764322916666666,0.3914306640625,0.13916015625,777,36,27,19,3,4,3,2,24,18,1.2.392.200036.9116.2.6.1.44063.1811171443.1620787862.650226,1.2.392.200036.9116.2.6.1.44063.1811171443.1620787858.416904,-0.709228515625
9248,89348,0,0.2127685546875,0.8271484375,0.1842041015625,0.5400390625,0.198486328125,0.68359375,0.18400065104166666,0.5701497395833334,0.16142578125,0.4310546875,755,68,29,22,9,3,3,3,20,25,1.2.392.200036.9116.2.6.1.3268.2054351322.1616211826.110140,1.2.392.200036.9116.2.6.1.3268.2054351322.1616211830.14658,0.6143798828125
925,239067,0,0.7744140625,0.94091796875,0.21337890625,0.87890625,0.493896484375,0.909912109375,0.3819986979166667,0.8779296875,0.2845947265625,0.80625,689,55,27,23,8,8,8,8,12,22,1.2.392.200036.9116.2.6.1.15596.4012038373.1634392142.887435,1.2.392.200036.9116.2.6.1.15596.4012038373.1634392148.701659,0.16650390625
985,254978,0,0.414794921875,0.640625,0.061187744140625,0.1470947265625,0.2379913330078125,0.39385986328125,0.17388916015625,0.29888916015625,0.118389892578125,0.208135986328125,575,47,28,20,1,2,1,2,2,16,1.2.392.200036.9116.2.6.1.44063.1811171443.1627215004.851573,1.2.392.200036.9116.2.6.1.44063.1811171443.1627215015.505042,0.225830078125
995,257283,0,0.25830078125,0.318359375,0.09600830078125,0.0728759765625,0.177154541015625,0.19561767578125,0.14933268229166666,0.14075215657552084,0.113983154296875,0.09295654296875,588,23,28,15,4,1,1,1,18,26,1.2.392.200036.9116.2.6.1.15596.4012038373.1640099467.504976,1.2.392.200036.9116.2.6.1.15596.4012038373.1640099472.77984,0.06005859375
