series_id,y_true,fold,slice_scores,detection_counts,max_confidence,second_confidence,top2_mean,top3_mean,top5_mean,mean_confidence,total_detections,detected_slices,num_slices,count_ge_0_1,fraction_ge_0_1,longest_run_ge_0_1,count_ge_0_3,fraction_ge_0_3,longest_run_ge_0_3,count_ge_0_5,fraction_ge_0_5,longest_run_ge_0_5,detector_max,consecutive_probability,logistic_nested_probability,deployment_fit_probability,raw_probability,calibrated_probability,selected_aggregator
1032,0,0,0;0;0;0;0;0;0;0;0.15405273;0.17724609;0;0.051269531;0;0;0;0;0;0;0;0;0;0;0;0;0;0;0;0;0,0;0;0;0;0;0;0;0;2;2;0;1;0;0;0;0;0;0;0;0;0;0;0;0;0;0;0;0;0,0.17724609,0.15405273,0.16564941,0.12752278366666667,0.0765136702,0.013192012103448275,5.0,3.0,29.0,2.0,0.06896551724137931,2.0,0.0,0.0,0.0,0.0,0.0,0.0,0.17724609,0.17724609,0.5346525795907533,0.6514995565288186,0.17724609,0.08917646434698182,max
1033,0,0,0;0;0;0.18359375;0.078063965;0.083862305;0;0;0.054412842;0.061431885;0.065124512;0.09173584;0.083312988;0;0;0;0;0;0.050140381;0;0;0;0;0;0;0;0,0;0;0;1;1;2;0;0;1;1;1;1;1;0;0;0;0;0;1;0;0;0;0;0;0;0;0,0.18359375,0.09173584,0.137664795,0.11973063166666668,0.1041137696,0.027839943259259262,10.0,9.0,27.0,1.0,0.037037037037037035,1.0,0.0,0.0,0.0,0.0,0.0,0.0,0.18359375,0.091796875,0.1752453695942591,0.13151554408729388,0.18359375,0.08941740913657109,max
1164,0,0,0;0;0.057922363;0;0.074523926;0.057495117;0.10266113;0;0;0;0.070556641;0.065368652;0.060516357;0;0;0;0;0;0;0;0;0;0;0;0;0;0;0;0;0;0;0;0,0;0;1;0;1;1;1;0;0;0;2;1;1;0;0;0;0;0;0;0;0;0;0;0;0;0;0;0;0;0;0;0;0,0.10266113,0.074523926,0.088592528,0.08258056566666667,0.0747253412,0.014819520787878787,8.0,7.0,33.0,1.0,0.030303030303030304,1.0,0.0,0.0,0.0,0.0,0.0,0.0,0.10266113,0.051330565,0.30960544440840426,0.21087808262590318,0.10266113,0.08638895720307942,max
1734,0,0,0;0.076660156;0.1229248;0.058563232;0.057922363;0;0;0;0;0;0;0;0;0;0;0,0;1;4;1;1;0;0;0;0;0;0;0;0;0;0;0,0.1229248,0.076660156,0.09979247799999999,0.086049396,0.06321411019999999,0.0197544094375,7.0,4.0,16.0,1.0,0.0625,1.0,0.0,0.0,0.0,0.0,0.0,0.0,0.1229248,0.0614624,0.3344599398824001,0.41608762542954897,0.1229248,0.08713838101923421,max
1927,0,0,0.093322754;0;0.25683594;0.34863281;0;0;0;0.05645752;0.088806152;0;0;0;0;0;0;0;0;0;0;0;0;0;0;0;0;0,2;0;1;3;0;0;0;1;2;0;0;0;0;0;0;0;0;0;0;0;0;0;0;0;0;0,0.34863281,0.25683594,0.302734375,0.23293050133333335,0.16881103520000001,0.03246366061538462,9.0,5.0,26.0,2.0,0.07692307692307693,2.0,1.0,0.038461538461538464,1.0,0.0,0.0,0.0,0.34863281,0.34863281,0.5851044892709002,0.5359258701744036,0.34863281,0.0958911485665504,max
1975,0,0,0;0;0;0.051849365;0.075012207;0;0;0.064880371;0;0.10894775;0;0.069030762;0.23095703;0.19250488;0.20239258;0.17211914;0;0;0;0;0;0;0;0;0.063476562;0;0;0;0,0;0;0;1;3;0;0;1;0;1;0;1;2;1;2;2;0;0;0;0;0;0;0;0;1;0;0;0;0,0.23095703,0.20239258,0.216674805,0.20861816333333336,0.181384276,0.04245416024137931,15.0,10.0,29.0,5.0,0.1724137931034483,4.0,0.0,0.0,0.0,0.0,0.0,0.0,0.23095703,0.23095703,0.4548060133481648,0.7263429368660606,0.23095703,0.09123382847545314,max
1996,0,0,0;0;0.070556641;0.05380249;0;0;0;0.056030273;0;0;0;0;0.078063965;0.071838379;0.095031738;0;0;0;0;0;0;0;0;0;0;0;0;0;0;0;0,0;0;1;2;0;0;0;1;0;0;0;0;1;1;1;0;0;0;0;0;0;0;0;0;0;0;0;0;0;0;0,0.095031738,0.078063965,0.0865478515,0.081644694,0.0743041992,0.013720112451612903,7.0,6.0,31.0,0.0,0.0,0.0,0.0,0.0,0.0,0.0,0.0,0.0,0.095031738,0.047515869,0.06972380040603395,0.1487958944238894,0.095031738,0.08610831007226732,max
1997,0,0,0;0;0.15148926;0.068786621;0;0;0.073181152;0;0;0.072387695;0;0.11358643;0;0;0;0;0;0;0;0;0;0;0;0;0;0;0,0;0;2;2;0;0;1;0;0;1;0;2;0;0;0;0;0;0;0;0;0;0;0;0;0;0;0,0.15148926,0.11358643,0.132537845,0.11275228066666665,0.09588623159999998,0.017756709555555552,8.0,5.0,27.0,2.0,0.07407407407407407,1.0,0.0,0.0,0.0,0.0,0.0,0.0,0.15148926,0.07574463,0.4874394256601569,0.5017597913322343,0.15148926,0.08820478545968251,max
1999,0,0,0.066101074;0;0;0;0.055603027;0;0;0;0;0.079223633;0;0;0.1307373;0.16833496;0;0;0;0;0;0;0;0;0;0;0;0;0;0;0,1;0;0;0;1;0;0;0;0;1;0;0;2;2;0;0;0;0;0;0;0;0;0;0;0;0;0;0;0,0.16833496,0.1307373,0.14953613,0.126098631,0.09999999879999999,0.017241379103448275,7.0,5.0,29.0,2.0,0.06896551724137931,2.0,0.0,0.0,0.0,0.0,0.0,0.0,0.16833496,0.16833496,0.18671885111400363,0.5151218947976978,0.16833496,0.08883920348585513,max
2034,0,0,0;0;0;0;0;0.057922363;0.056854248;0.1829834;0.15771484;0.18530273;0;0.072631836;0;0;0.058990479;0;0;0;0;0;0;0;0;0;0;0;0;0;0;0;0;0,0;0;0;0;0;1;1;3;4;1;0;3;0;0;1;0;0;0;0;0;0;0;0;0;0;0;0;0;0;0;0;0,0.18530273,0.1829834,0.184143065,0.17533365666666667,0.131524657,0.02413749675,14.0,7.0,32.0,3.0,0.09375,3.0,0.0,0.0,0.0,0.0,0.0,0.0,0.18530273,0.18530273,0.37262538394089656,0.6993865885306657,0.18530273,0.08948237891817062,max
2046,0,0,0;0.093994141;0.11315918;0;0;0;0.26977539;0;0.17333984;0;0.071350098;0;0;0;0;0,0;4;1;0;0;0;1;0;1;0;1;0;0;0;0;0,0.26977539,0.17333984,0.22155761499999999,0.18542480333333333,0.14432372980000002,0.045101165562500004,8.0,5.0,16.0,3.0,0.1875,1.0,0.0,0.0,0.0,0.0,0.0,0.0,0.26977539,0.134887695,0.5487480614628855,0.628570906507803,0.26977539,0.09274722428650413,max
2265,1,0,0;0;0.062316895;0;0;0.055206299;0;0.052429199;0.058135986;0.17443848;0;0;0;0;0;0,0;0;1;0;0;1;0;1;1;1;0;0;0;0;0;0,0.17443848,0.062316895,0.1183776875,0.09829712033333333,0.0805053718,0.0251579286875,5.0,5.0,16.0,1.0,0.0625,1.0,0.0,0.0,0.0,0.0,0.0,0.0,0.17443848,0.08721924,0.033363515004470067,0.2746287962753056,0.17443848,0.08907007987869105,max
2336,0,0,0;0.17443848;0.14709473;0.072875977;0;0;0;0;0;0;0;0;0;0;0;0,0;1;3;2;0;0;0;0;0;0;0;0;0;0;0;0,0.17443848,0.14709473,0.160766605,0.131469729,0.0788818374,0.0246505741875,6.0,3.0,16.0,2.0,0.125,2.0,0.0,0.0,0.0,0.0,0.0,0.0,0.17443848,0.17443848,0.6068348535016396,0.6593751658130367,0.17443848,0.08907007987869105,max
2368,0,0,0;0;0.051452637;0;0;0;0;0;0;0;0;0;0;0;0;0,0;0;1;0;0;0;0;0;0;0;0;0;0;0;0;0,0.051452637,0.0,0.0257263185,0.017150879,0.0102905274,0.0032157898125,1.0,1.0,16.0,0.0,0.0,0.0,0.0,0.0,0.0,0.0,0.0,0.0,0.051452637,0.0257263185,0.21426319168290714,0.3545570052867631,0.051452637,0.08452103207239312,max
2408,0,0,0;0;0;0;0;0;0;0;0;0;0;0;0;0;0;0,0;0;0;0;0;0;0;0;0;0;0;0;0;0;0;0,0.0,0.0,0.0,0.0,0.0,0.0,0.0,0.0,16.0,0.0,0.0,0.0,0.0,0.0,0.0,0.0,0.0,0.0,0.0,0.0,0.21000139807630275,0.41565025881142825,0.0,0.08268119678032423,max
2437,0,0,0;0.10375977;0.070800781;0.082397461;0;0.080078125;0;0;0;0;0;0;0;0;0;0,0;1;1;1;0;1;0;0;0;0;0;0;0;0;0;0,0.10375977,0.082397461,0.0930786155,0.08874511866666668,0.0674072274,0.0210647585625,4.0,4.0,16.0,1.0,0.0625,1.0,0.0,0.0,0.0,0.0,0.0,0.0,0.10375977,0.051879885,0.5087597758013999,0.3273696148229587,0.10375977,0.08642943882057276,max
2589,0,0,0;0.061889648;0.053405762;0;0;0.062561035;0;0;0;0;0;0;0;0;0;0,0;1;1;0;0;1;0;0;0;0;0;0;0;0;0;0,0.062561035,0.061889648,0.0622253415,0.05928548166666667,0.035571289,0.0111160278125,3.0,3.0,16.0,0.0,0.0,0.0,0.0,0.0,0.0,0.0,0.0,0.0,0.062561035,0.0312805175,0.3544137742035226,0.24014179708878516,0.062561035,0.08492309215850573,max
270818,0,0,0.059204102;0.12420654;0.1048584;0.099487305;0;0;0;0;0;0.12719727;0;0;0.19372559;0.064880371;0;0;0;0;0;0.10778809;0.071594238;0;0;0;0;0.13891602;0;0;0;0;0;0,1;2;1;2;0;0;0;0;0;1;0;0;2;1;0;0;0;0;0;1;1;0;0;0;0;1;0;0;0;0;0;0,0.19372559,0.13891602,0.16632080500000002,0.1532796266666667,0.138366702,0.034120560187499996,13.0,10.0,32.0,6.0,0.1875,2.0,0.0,0.0,0.0,0.0,0.0,0.0,0.19372559,0.19372559,0.5603008723448037,0.7200428938659887,0.19372559,0.08980321052451415,max
270872,0,0,0.060089111;0;0.065856934;0;0;0;0;0;0.064880371;0;0;0;0;0;0;0;0;0;0;0;0;0;0;0;0;0;0;0,1;0;2;0;0;0;0;0;1;0;0;0;0;0;0;0;0;0;0;0;0;0;0;0;0;0;0;0,0.065856934,0.064880371,0.06536865250000001,0.06360880533333334,0.038165283200000004,0.006815229142857143,4.0,3.0,28.0,0.0,0.0,0.0,0.0,0.0,0.0,0.0,0.0,0.0,0.065856934,0.032928467,0.09062367674932748,0.2814309973725987,0.065856934,0.08504271810156963,max
270907,0,0,0.13122559;0.24365234;0.075012207;0.052032471;0;0;0.067077637;0.11633301;0;0;0;0;0;0;0;0;0.11047363;0.056030273;0.057922363;0;0.077514648;0;0.072875977;0;0;0;0;0;0;0;0;0;0;0;0;0;0;0;0;0;0;0;0;0;0;0;0;0;0;0,2;4;1;1;0;0;2;2;0;0;0;0;0;0;0;0;1;1;2;0;1;0;1;0;0;0;0;0;0;0;0;0;0;0;0;0;0;0;0;0;0;0;0;0;0;0;0;0;0;0,0.24365234,0.13122559,0.187438965,0.16373698,0.1358398436,0.021203002920000002,18.0,11.0,50.0,4.0,0.08,2.0,0.0,0.0,0.0,0.0,0.0,0.0,0.24365234,0.24365234,0.4032029918628586,0.5608878578549626,0.24365234,0.0917263146853784,max
270967,0,0,0;0;0;0.065368652;0.092041016;0.055419922;0.058563232;0;0;0;0;0;0;0;0;0;0;0;0;0;0;0;0;0;0;0;0;0;0;0;0;0;0;0;0;0;0;0;0;0;0;0;0;0;0;0;0;0;0;0,0;0;0;1;1;1;1;0;0;0;0;0;0;0;0;0;0;0;0;0;0;0;0;0;0;0;0;0;0;0;0;0;0;0;0;0;0;0;0;0;0;0;0;0;0;0;0;0;0;0,0.092041016,0.065368652,0.078704834,0.07199096666666667,0.05427856439999999,0.005427856440000001,4.0,4.0,50.0,0.0,0.0,0.0,0.0,0.0,0.0,0.0,0.0,0.0,0.092041016,0.046020508,0.42609089776461434,0.23686117068807977,0.092041016,0.08599852186725818,max
271013,0,0,0;0;0;0;0;0.092346191;0;0.25390625;0.23303223;0.094360352;0.14172363;0;0.063476562;0;0;0;0;0;0;0;0;0;0;0;0;0;0;0;0;0;0;0;0;0;0;0;0;0,0;0;0;0;0;1;0;1;2;1;1;0;1;0;0;0;0;0;0;0;0;0;0;0;0;0;0;0;0;0;0;0;0;0;0;0;0;0,0.25390625,0.23303223,0.24346924,0.2095540366666667,0.16307373060000002,0.023127505657894735,7.0,6.0,38.0,3.0,0.07894736842105263,2.0,0.0,0.0,0.0,0.0,0.0,0.0,0.25390625,0.25390625,0.616040240182276,0.5738548926597469,0.25390625,0.09212583564435979,max
271159,0,0,0;0.11962891;0;0.13989258;0;0;0.07208252;0.095336914;0.05090332;0;0;0.096008301;0.053588867;0;0;0;0;0;0;0;0;0;0;0;0;0;0;0,0;3;0;1;0;0;1;1;1;0;0;1;1;0;0;0;0;0;0;0;0;0;0;0;0;0;0;0,0.13989258,0.11962891,0.129760745,0.11850993033333335,0.10458984500000001,0.022408621857142857,9.0,7.0,28.0,2.0,0.07142857142857142,1.0,0.0,0.0,0.0,0.0,0.0,0.0,0.13989258,0.06994629,0.3344476294783547,0.33686891625315246,0.13989258,0.08777042940396587,max
271208,0,0,0.066101074;0;0;0;0;0;0;0.08416748;0;0;0;0;0.086608887;0;0;0;0;0;0;0;0;0;0;0;0;0;0;0;0;0;0;0;0;0;0;0,1;0;0;0;0;0;0;2;0;0;0;0;2;0;0;0;0;0;0;0;0;0;0;0;0;0;0;0;0;0;0;0;0;0;0;0,0.086608887,0.08416748,0.08538818349999999,0.078959147,0.047375488199999996,0.006579928916666666,5.0,3.0,36.0,0.0,0.0,0.0,0.0,0.0,0.0,0.0,0.0,0.0,0.086608887,0.0433044435,0.43198775937466527,0.3222270482916691,0.086608887,0.08579943488926565,max
271313,0,0,0;0.059661865;0.13342285;0.16235352;0.06439209;0;0.072875977;0;0;0.11474609;0.05380249;0;0;0;0;0;0;0;0.08416748;0;0;0;0;0;0;0;0;0;0.082092285;0.085693359;0;0;0;0;0;0,0;2;1;3;2;0;2;0;0;1;1;0;0;0;0;0;0;0;1;0;0;0;0;0;0;0;0;0;1;1;0;0;0;0;0;0,0.16235352,0.13342285,0.147888185,0.13684082,0.1160766598,0.025366889055555557,15.0,10.0,36.0,3.0,0.08333333333333333,2.0,0.0,0.0,0.0,0.0,0.0,0.0,0.16235352,0.16235352,0.18112031014300253,0.4033741206824683,0.16235352,0.08861346912611302,max
271335,0,0,0;0;0.12597656;0.099121094;0;0;0;0.075561523;0.052032471;0.080627441;0.054199219;0;0.057922363;0.067077637;0;0.070556641;0;0;0;0;0;0;0;0;0;0;0;0;0;0;0;0,0;0;1;1;0;0;0;2;1;1;1;0;1;1;0;2;0;0;0;0;0;0;0;0;0;0;0;0;0;0;0;0,0.12597656,0.099121094,0.11254882699999999,0.101908365,0.0903686518,0.02134609215625,11.0,9.0,32.0,1.0,0.03125,1.0,0.0,0.0,0.0,0.0,0.0,0.0,0.12597656,0.06298828,0.13314549227719308,0.14767264643213016,0.12597656,0.08725175436990565,max
271508,0,0,0.10412598;0.098083496;0;0;0;0.070068359;0;0.090393066;0;0.050720215;0.07208252;0;0;0;0;0;0;0;0;0;0;0;0;0;0;0;0;0;0;0,2;1;0;0;0;2;0;2;0;1;1;0;0;0;0;0;0;0;0;0;0;0;0;0;0;0;0;0;0;0,0.10412598,0.098083496,0.101104738,0.09753418066666668,0.0869506842,0.01618245453333333,9.0,6.0,30.0,1.0,0.03333333333333333,1.0,0.0,0.0,0.0,0.0,0.0,0.0,0.10412598,0.05206299,0.23827688153208923,0.3084547407423265,0.10412598,0.08644293638640912,max
271623,1,0,0.21862793;0.16564941;0.054992676;0;0;0;0;0;0.05380249;0.068054199;0;0;0;0;0;0;0;0;0;0;0;0;0;0;0;0;0;0;0;0;0;0;0;0;0,4;4;1;0;0;0;0;0;2;1;0;0;0;0;0;0;0;0;0;0;0;0;0;0;0;0;0;0;0;0;0;0;0;0;0,0.21862793,0.16564941,0.19213867,0.15077717966666668,0.112225341,0.016032191571428572,12.0,5.0,35.0,2.0,0.05714285714285714,2.0,0.0,0.0,0.0,0.0,0.0,0.0,0.21862793,0.21862793,0.334416338153785,0.679228769748131,0.21862793,0.09075782667638535,max
271686,0,0,0;0.22814941;0;0.070800781;0.098083496;0;0.052612305;0.22741699;0.10821533;0.061645508;0;0;0;0;0;0;0;0.058563232;0;0;0.053192139;0;0.05166626;0;0;0;0;0;0;0;0.073181152;0;0;0,0;4;0;1;2;0;1;2;1;1;0;0;0;0;0;0;0;1;0;0;1;0;1;0;0;0;0;0;0;0;1;0;0;0,0.22814941,0.22741699,0.22778320000000002,0.18792724333333335,0.14700927560000002,0.0318684295,16.0,11.0,34.0,3.0,0.08823529411764706,2.0,0.0,0.0,0.0,0.0,0.0,0.0,0.22814941,0.22814941,0.26324107303037086,0.34216486014525116,0.22814941,0.09112523480767992,max
271912,1,0,0;0;0.10015869;0;0;0;0;0;0;0;0.052246094;0;0;0;0;0;0.081787109;0;0;0;0;0;0;0;0;0;0;0;0;0,0;0;1;0;0;0;0;0;0;0;1;0;0;0;0;0;1;0;0;0;0;0;0;0;0;0;0;0;0;0,0.10015869,0.081787109,0.0909728995,0.07806396433333333,0.046838378599999994,0.007806396433333333,3.0,3.0,30.0,1.0,0.03333333333333333,1.0,0.0,0.0,0.0,0.0,0.0,0.0,0.10015869,0.050079345,0.04620966595782356,0.415055863428951,0.10015869,0.0862968138104059,max
272221,0,0,0;0;0;0;0.052246094;0;0;0;0;0.051849365;0;0.072631836;0;0;0;0;0;0;0;0.066833496;0;0;0;0;0;0;0;0;0;0;0;0,0;0;0;0;1;0;0;0;0;1;0;1;0;0;0;0;0;0;0;1;0;0;0;0;0;0;0;0;0;0;0;0,0.072631836,0.066833496,0.069732666,0.06390380866666666,0.0487121582,0.00761127471875,4.0,4.0,32.0,0.0,0.0,0.0,0.0,0.0,0.0,0.0,0.0,0.0,0.072631836,0.036315918,0.2488059731324828,0.21233818872623736,0.072631836,0.0852890959291504,max
272271,0,0,0.11199951;0;0;0;0;0.061889648;0;0.11358643;0.094360352;0;0.054412842;0.051849365;0;0;0;0;0.10302734;0.073974609;0;0;0;0;0;0;0;0;0;0;0;0;0;0,3;0;0;0;0;1;0;1;1;0;1;1;0;0;0;0;1;1;0;0;0;0;0;0;0;0;0;0;0;0;0;0,0.11358643,0.11199951,0.11279296999999999,0.10953776,0.0993896482,0.020784378,10.0,8.0,32.0,3.0,0.09375,1.0,0.0,0.0,0.0,0.0,0.0,0.0,0.11358643,0.056793215,0.31002290196166116,0.3989632825835227,0.11358643,0.08679228647509452,max
272468,0,0,0.081237793;0;0.30249023;0.093017578;0;0;0;0;0;0;0;0;0;0;0;0;0;0;0;0;0;0;0;0;0;0;0;0;0;0;0;0;0;0;0;0,1;0;1;2;0;0;0;0;0;0;0;0;0;0;0;0;0;0;0;0;0;0;0;0;0;0;0;0;0;0;0;0;0;0;0;0,0.30249023,0.093017578,0.197753904,0.15891520033333334,0.0953491202,0.013242933361111112,4.0,3.0,36.0,1.0,0.027777777777777776,1.0,1.0,0.027777777777777776,1.0,0.0,0.0,0.0,0.30249023,0.151245115,0.4736413927750819,0.4220071019741543,0.30249023,0.0940401259074866,max
272528,1,0,0;0.054595947;0;0;0;0;0;0;0;0;0;0.05645752;0.32177734;0.29736328;0.38574219;0.44165039;0.34082031;0.30737305;0.25756836;0.2199707;0.25390625;0.1217041;0;0;0;0;0;0;0;0;0;0,0;1;0;0;0;0;0;0;0;0;0;1;2;2;2;2;2;1;2;1;1;1;0;0;0;0;0;0;0;0;0;0,0.44165039,0.38574219,0.41369628999999997,0.38940429666666665,0.359472656,0.09559154490624999,18.0,12.0,32.0,10.0,0.3125,10.0,5.0,0.15625,4.0,0.0,0.0,0.0,0.44165039,0.44165039,0.4698579486599948,0.9651982250966544,0.44165039,0.09972180284713182,max
272645,0,0,0;0;0;0;0;0;0;0;0;0;0.22473145;0;0;0;0.059875488;0;0.1361084;0.069519043;0;0;0.062561035;0.054992676;0.21008301;0.078613281;0;0;0;0;0.050506592;0;0;0.050506592;0;0;0;0;0.070800781;0;0;0;0;0;0;0;0;0,0;0;0;0;0;0;0;0;0;0;2;0;0;0;1;0;1;1;0;0;1;1;2;1;0;0;0;0;1;0;0;1;0;0;0;0;1;0;0;0;0;0;0;0;0;0,0.22473145,0.21008301,0.21740723,0.19030762,0.1440673844,0.02322387713043478,13.0,11.0,46.0,3.0,0.06521739130434782,1.0,0.0,0.0,0.0,0.0,0.0,0.0,0.22473145,0.112365725,0.03564276468014734,0.24987025618201433,0.22473145,0.090993191268669,max
2840,0,0,0;0;0;0;0.079223633;0;0;0;0;0;0;0;0;0;0;0,0;0;0;0;2;0;0;0;0;0;0;0;0;0;0;0,0.079223633,0.0,0.0396118165,0.026407877666666666,0.0158447266,0.0049514770625,2.0,1.0,16.0,0.0,0.0,0.0,0.0,0.0,0.0,0.0,0.0,0.0,0.079223633,0.0396118165,0.25635914474562466,0.38655280245984214,0.079223633,0.08552943596018213,max
2910,0,0,0.058776855;0;0;0;0;0.095336914;0;0;0;0;0;0;0;0;0;0,1;0;0;0;0;1;0;0;0;0;0;0;0;0;0;0,0.095336914,0.058776855,0.0770568845,0.05137125633333334,0.0308227538,0.0096321105625,2.0,2.0,16.0,0.0,0.0,0.0,0.0,0.0,0.0,0.0,0.0,0.0,0.095336914,0.047668457,0.4261245569607514,0.2977020968331683,0.095336914,0.0861195200961871,max
2913,0,0,0;0;0;0.097412109;0;0;0;0;0;0;0;0;0;0;0;0,0;0;0;1;0;0;0;0;0;0;0;0;0;0;0;0,0.097412109,0.0,0.0487060545,0.032470703,0.0194824218,0.0060882568125,1.0,1.0,16.0,0.0,0.0,0.0,0.0,0.0,0.0,0.0,0.0,0.0,0.097412109,0.0487060545,0.4949961222382998,0.3593182346916201,0.097412109,0.08619578325396379,max
2947,0,0,0.052246094;0.073425293;0.073669434;0;0;0;0;0;0;0;0;0;0;0;0;0,1;1;1;0;0;0;0;0;0;0;0;0;0;0;0;0,0.073669434,0.073425293,0.0735473635,0.06644694033333333,0.0398681642,0.0124588013125,3.0,3.0,16.0,0.0,0.0,0.0,0.0,0.0,0.0,0.0,0.0,0.0,0.073669434,0.036834717,0.23741415499907983,0.24114181823282405,0.073669434,0.08532688658981971,max
3053,0,0,0;0;0;0;0;0;0;0;0;0;0;0;0;0;0;0,0;0;0;0;0;0;0;0;0;0;0;0;0;0;0;0,0.0,0.0,0.0,0.0,0.0,0.0,0.0,0.0,16.0,0.0,0.0,0.0,0.0,0.0,0.0,0.0,0.0,0.0,0.0,0.0,0.3725711690616613,0.41565025881142825,0.0,0.08268119678032423,max
3084,0,0,0.084777832;0.12939453;0;0.05166626;0.099487305;0.079223633;0.05380249;0;0;0;0;0;0;0;0;0,1;1;0;1;2;1;1;0;0;0;0;0;0;0;0;0,0.12939453,0.099487305,0.1144409175,0.10455322233333335,0.089337158,0.031147003125000003,7.0,6.0,16.0,1.0,0.0625,1.0,0.0,0.0,0.0,0.0,0.0,0.0,0.12939453,0.064697265,0.24424673129224592,0.2413866466229352,0.12939453,0.08737889084409611,max
3796,1,0,0;0;0.13256836;0.050140381;0.11358643;0;0;0;0.203125;0;0;0;0;0;0;0,0;0;1;1;3;0;0;0;1;0;0;0;0;0;0;0,0.203125,0.13256836,0.16784668,0.14975993,0.0998840342,0.0312137606875,6.0,4.0,16.0,3.0,0.1875,1.0,0.0,0.0,0.0,0.0,0.0,0.0,0.203125,0.1015625,0.4776516954789934,0.656866687401078,0.203125,0.09016246327107816,max
556,0,0,0.055419922;0;0.075317383;0;0;0;0;0;0;0;0;0;0;0;0;0,1;0;3;0;0;0;0;0;0;0;0;0;0;0;0;0,0.075317383,0.055419922,0.0653686525,0.04357910166666667,0.026147461,0.0081710815625,4.0,2.0,16.0,0.0,0.0,0.0,0.0,0.0,0.0,0.0,0.0,0.0,0.075317383,0.0376586915,0.4025587111915565,0.35022860658553157,0.075317383,0.08538693822932442,max
6353,0,0,0;0;0.05770874;0;0.30664062;0.23657227;0;0;0;0;0;0;0;0;0;0,0;0;1;0;2;3;0;0;0;0;0;0;0;0;0;0,0.30664062,0.23657227,0.271606445,0.20030720999999999,0.120184326,0.037557601875,6.0,3.0,16.0,2.0,0.125,2.0,1.0,0.0625,1.0,0.0,0.0,0.0,0.30664062,0.30664062,0.5994570867837795,0.6201873904230424,0.30664062,0.0942053005516307,max
663,0,0,0.091369629;0.14221191;0.070068359;0;0.076965332;0;0.083007812;0.081542969;0.091064453;0;0.31665039;0;0;0;0;0;0;0;0;0;0;0;0;0;0;0;0;0;0;0;0;0,1;1;2;0;1;0;1;1;1;0;2;0;0;0;0;0;0;0;0;0;0;0;0;0;0;0;0;0;0;0;0;0,0.31665039,0.14221191,0.22943115,0.18341064299999998,0.14486083879999997,0.0297775266875,10.0,8.0,32.0,2.0,0.0625,1.0,1.0,0.03125,1.0,0.0,0.0,0.0,0.31665039,0.158325195,0.0972800616804784,0.2530074028399255,0.31665039,0.09460473301369886,max
6665,0,0,0;0;0.056030273;0;0.13708496;0.077819824;0;0;0;0;0;0;0;0;0;0,0;0;1;0;2;1;0;0;0;0;0;0;0;0;0;0,0.13708496,0.077819824,0.10745239200000001,0.09031168566666668,0.054187011400000006,0.016933441062500002,4.0,3.0,16.0,1.0,0.0625,1.0,0.0,0.0,0.0,0.0,0.0,0.0,0.13708496,0.06854248,0.5731450905675405,0.42526209740670445,0.13708496,0.0876655604710339,max
673,0,0,0.15612793;0.068786621;0;0.072631836;0.053009033;0;0;0;0;0.072875977;0;0;0;0;0;0;0;0;0;0;0;0;0;0;0;0;0;0;0;0;0;0;0;0;0;0,2;1;0;1;2;0;0;0;0;1;0;0;0;0;0;0;0;0;0;0;0;0;0;0;0;0;0;0;0;0;0;0;0;0;0;0,0.15612793,0.072875977,0.1145019535,0.10054524766666667,0.0846862794,0.01176198325,7.0,5.0,36.0,1.0,0.027777777777777776,1.0,0.0,0.0,0.0,0.0,0.0,0.0,0.15612793,0.078063965,0.40996863425760693,0.35756769717610276,0.15612793,0.08837907082221408,max
6746,0,0,0;0.05770874;0;0;0;0;0;0;0;0;0;0;0;0;0;0,0;1;0;0;0;0;0;0;0;0;0;0;0;0;0;0,0.05770874,0.0,0.02885437,0.01923624666666667,0.011541748000000001,0.00360679625,1.0,1.0,16.0,0.0,0.0,0.0,0.0,0.0,0.0,0.0,0.0,0.0,0.05770874,0.02885437,0.21431629916795336,0.35520344712070484,0.05770874,0.08474725401540284,max
6804,0,0,0.058990479;0.054992676;0;0;0;0.072875977;0;0;0;0;0;0;0;0;0;0,1;1;0;0;0;1;0;0;0;0;0;0;0;0;0;0,0.072875977,0.058990479,0.065933228,0.06228637733333333,0.037371826399999995,0.011678695749999999,3.0,3.0,16.0,0.0,0.0,0.0,0.0,0.0,0.0,0.0,0.0,0.0,0.072875977,0.0364379885,0.22864228609437165,0.24098300297350306,0.072875977,0.08529798649441847,max
6995,0,0,0.092041016;0;0.056640625;0.070556641;0;0;0;0;0;0;0;0;0;0.071044922;0;0,1;0;1;1;0;0;0;0;0;0;0;0;0;1;0;0,0.092041016,0.071044922,0.08154296899999999,0.07788085966666666,0.05805664079999999,0.01814270025,4.0,4.0,16.0,0.0,0.0,0.0,0.0,0.0,0.0,0.0,0.0,0.0,0.092041016,0.046020508,0.24701966010908194,0.19495954135668236,0.092041016,0.08599852186725818,max
7006,0,0,0;0.051849365;0.053192139;0.10125732;0.054199219;0;0;0;0;0;0;0;0;0;0;0;0;0;0;0,0;1;1;2;1;0;0;0;0;0;0;0;0;0;0;0;0;0;0;0,0.10125732,0.054199219,0.0777282695,0.06954955933333333,0.0520996086,0.01302490215,5.0,4.0,20.0,1.0,0.05,1.0,0.0,0.0,0.0,0.0,0.0,0.0,0.10125732,0.05062866,0.3632279395953412,0.36090447642948376,0.10125732,0.0863372559619584,max
704,0,0,0;0;0;0.069030762;0;0;0;0;0;0;0;0;0;0;0;0,0;0;0;1;0;0;0;0;0;0;0;0;0;0;0;0,0.069030762,0.0,0.034515381,0.023010253999999997,0.013806152399999999,0.004314422625,1.0,1.0,16.0,0.0,0.0,0.0,0.0,0.0,0.0,0.0,0.0,0.0,0.069030762,0.034515381,0.21441243511176544,0.3563746924957356,0.069030762,0.08515805786976617,max
7045,0,0,0;0.077819824;0;0;0;0;0;0;0;0;0;0;0;0;0;0,0;2;0;0;0;0;0;0;0;0;0;0;0;0;0;0,0.077819824,0.0,0.038909912,0.02593994133333333,0.0155639648,0.004863739,2.0,1.0,16.0,0.0,0.0,0.0,0.0,0.0,0.0,0.0,0.0,0.0,0.077819824,0.038909912,0.25634565199090165,0.3864025691263787,0.077819824,0.08547820102613433,max
7107,0,0,0;0.069824219;0.069519043;0.062805176;0;0;0;0;0;0;0;0.087585449;0;0;0;0,0;2;1;1;0;0;0;0;0;0;0;1;0;0;0;0,0.087585449,0.069824219,0.078704834,0.07564290366666666,0.0579467774,0.0181083679375,5.0,4.0,16.0,0.0,0.0,0.0,0.0,0.0,0.0,0.0,0.0,0.0,0.087585449,0.0437927245,0.2858251866319199,0.21493767209079198,0.087585449,0.08583519497020256,max
7159,0,0,0;0.1315918;0.053985596;0.18652344;0.055603027;0;0;0;0;0;0;0;0;0;0;0,0;4;1;2;1;0;0;0;0;0;0;0;0;0;0;0,0.18652344,0.1315918,0.15905762,0.12457275566666666,0.0855407726,0.026731491437499998,8.0,4.0,16.0,2.0,0.125,1.0,0.0,0.0,0.0,0.0,0.0,0.0,0.18652344,0.09326172,0.8338133764447004,0.5872517824908375,0.18652344,0.08952881234390003,max
7248,0,0,0.18237305;0;0.079772949;0.17443848;0;0;0;0;0;0;0;0;0;0;0;0,2;0;1;2;0;0;0;0;0;0;0;0;0;0;0;0,0.18237305,0.17443848,0.178405765,0.14552815966666666,0.08731689579999999,0.027286529937499998,5.0,3.0,16.0,2.0,0.125,1.0,0.0,0.0,0.0,0.0,0.0,0.0,0.18237305,0.091186525,0.6044499192823329,0.5951388198466573,0.18237305,0.08937102819764124,max
7332,0,0,0;0.061889648;0;0.05480957;0;0;0;0;0;0;0;0;0;0;0;0,0;1;0;1;0;0;0;0;0;0;0;0;0;0;0;0,0.061889648,0.05480957,0.058349609,0.03889973933333333,0.0233398436,0.007293701125,2.0,2.0,16.0,0.0,0.0,0.0,0.0,0.0,0.0,0.0,0.0,0.0,0.061889648,0.030944824,0.26946716023144957,0.2945186375540031,0.061889648,0.08489874262773076,max
7396,0,0,0;0;0;0;0;0;0;0;0;0;0;0;0;0;0;0,0;0;0;0;0;0;0;0;0;0;0;0;0;0;0;0,0.0,0.0,0.0,0.0,0.0,0.0,0.0,0.0,16.0,0.0,0.0,0.0,0.0,0.0,0.0,0.0,0.0,0.0,0.0,0.0,0.21000139807630275,0.41565025881142825,0.0,0.08268119678032423,max
7397,0,0,0;0.058990479;0;0.10375977;0.051086426;0;0;0;0;0;0;0;0;0;0;0,0;1;0;2;1;0;0;0;0;0;0;0;0;0;0;0,0.10375977,0.058990479,0.0813751245,0.07127889166666666,0.042767335000000004,0.0133647921875,4.0,3.0,16.0,1.0,0.0625,1.0,0.0,0.0,0.0,0.0,0.0,0.0,0.10375977,0.051879885,0.3925738508900956,0.4213246783693145,0.10375977,0.08642943882057276,max
7428,0,0,0.075561523;0.093994141;0.063964844;0;0;0;0.097045898;0;0;0;0;0;0;0;0;0,1;2;1;0;0;0;1;0;0;0;0;0;0;0;0;0,0.097045898,0.093994141,0.0955200195,0.08886718733333333,0.06611328120000001,0.020660400375000002,5.0,4.0,16.0,0.0,0.0,0.0,0.0,0.0,0.0,0.0,0.0,0.0,0.097045898,0.048522949,0.24931955931536923,0.2158959251595481,0.097045898,0.08618232060229043,max
834,0,0,0;0;0;0.15100098;0;0;0;0;0;0;0;0;0;0;0;0,0;0;0;2;0;0;0;0;0;0;0;0;0;0;0;0,0.15100098,0.0,0.07550049,0.05033366,0.030200196000000002,0.00943756125,2.0,1.0,16.0,1.0,0.0625,1.0,0.0,0.0,0.0,0.0,0.0,0.0,0.15100098,0.07550049,0.37592790992697406,0.5651468210211074,0.15100098,0.08818645774152724,max
880,0,0,0.19006348;0.11358643;0;0;0;0.068054199;0.19873047;0.25463867;0.17382812;0;0;0;0;0;0;0,1;1;0;0;0;2;4;3;1;0;0;0;0;0;0;0,0.25463867,0.19873047,0.22668457,0.21447754,0.18616943400000002,0.0624313355625,12.0,6.0,16.0,5.0,0.3125,3.0,0.0,0.0,0.0,0.0,0.0,0.0,0.25463867,0.25463867,0.7737466992211715,0.8809710762108557,0.25463867,0.09215443252176599,max
902,0,0,0;0;0.076416016;0.11199951;0;0.051452637;0;0.09173584;0.097045898;0;0;0;0;0;0;0;0.061889648;0;0.051269531;0;0;0;0;0;0;0;0;0;0;0.056243896;0;0;0;0,0;0;1;1;0;1;0;1;1;0;0;0;0;0;0;0;1;0;1;0;0;0;0;0;0;0;0;0;0;1;0;0;0;0,0.11199951,0.097045898,0.104522704,0.100260416,0.0878173824,0.017589793411764705,8.0,8.0,34.0,1.0,0.029411764705882353,1.0,0.0,0.0,0.0,0.0,0.0,0.0,0.11199951,0.055999755,0.023591811531714583,0.15286533522810358,0.11199951,0.08673359654708845,max
9244,1,0,0.11962891;0;0.098754883;0.059661865;0;0;0;0;0.065612793;0.12683105;0;0.25024414;0;0;0.086303711;0;0;0;0;0;0;0;0;0;0;0;0;0;0,4;0;1;1;0;0;0;0;1;2;0;3;0;0;1;0;0;0;0;0;0;0;0;0;0;0;0;0;0,0.25024414,0.12683105,0.188537595,0.16556803333333334,0.1363525388,0.027828874206896552,13.0,7.0,29.0,3.0,0.10344827586206896,1.0,0.0,0.0,0.0,0.0,0.0,0.0,0.25024414,0.12512207,0.36070984122356387,0.6018177571447392,0.25024414,0.09198297044115364,max
9248,0,0,0;0.11315918;0;0;0.073974609;0.1237793;0;0;0.050506592;0;0;0;0;0;0;0;0;0;0;0;0;0;0;0;0;0;0;0;0,0;2;0;0;3;4;0;0;1;0;0;0;0;0;0;0;0;0;0;0;0;0;0;0;0;0;0;0;0,0.1237793,0.11315918,0.11846924,0.10363769633333335,0.07228393620000001,0.012462747620689656,10.0,4.0,29.0,2.0,0.06896551724137931,1.0,0.0,0.0,0.0,0.0,0.0,0.0,0.1237793,0.06188965,0.7088460437017832,0.6599526269418777,0.1237793,0.08717011238608581,max
925,0,0,0.084472656;0;0;0;0.051452637;0.082397461;0;0.058563232;0.10089111;0.069274902;0.1394043;0.12719727;0.28613281;0.2088623;0.16662598;0.056030273;0.064880371;0.080932617;0;0.060516357;0;0.084472656;0.059875488;0;0;0;0;0,1;0;0;0;1;2;0;1;1;1;1;1;1;1;1;1;1;1;0;1;0;1;1;0;0;0;0;0,0.28613281,0.2088623,0.247497555,0.22054036333333335,0.18564453200000003,0.0636422292857143,18.0,17.0,28.0,6.0,0.21428571428571427,5.0,0.0,0.0,0.0,0.0,0.0,0.0,0.28613281,0.28613281,0.5327659289244165,0.31258200962736504,0.28613281,0.09339166824558777,max
985,0,0,0.067565918;0.25170898;0.11126709;0.063232422;0;0.12512207;0.085693359;0;0;0;0;0;0;0;0.052246094;0;0;0;0;0;0;0;0;0;0;0;0;0;0,1;3;1;1;0;1;1;0;0;0;0;0;0;0;1;0;0;0;0;0;0;0;0;0;0;0;0;0;0,0.25170898,0.12512207,0.18841552500000003,0.16269938000000003,0.1282714834,0.026097790793103447,9.0,7.0,29.0,3.0,0.10344827586206896,2.0,0.0,0.0,0.0,0.0,0.0,0.0,0.25170898,0.25170898,0.5384375473157036,0.5173948601297338,0.25170898,0.09204009245820523,max
995,0,0,0;0;0;0;0;0;0.11126709;0.11126709;0;0;0;0;0;0;0.056854248;0.08416748;0;0;0;0;0;0.16662598;0;0.072631836;0;0;0;0;0,0;0;0;0;0;0;1;1;0;0;0;0;0;0;1;1;0;0;0;0;0;1;0;1;0;0;0;0;0,0.16662598,0.11126709,0.138946535,0.12972005333333333,0.10919189520000001,0.020786680137931033,6.0,6.0,29.0,3.0,0.10344827586206896,2.0,0.0,0.0,0.0,0.0,0.0,0.0,0.16662598,0.16662598,0.41991357143018415,0.515712265048037,0.16662598,0.08877465515902483,max
